stage,method,geometry,family,mask,pooling,classifier,dim,oof_acc,oof_n,cv_acc,cv_std,cv_f1,cv_folds,epoch_budget,fold_epochs,test_ensemble_acc,test_ensemble_f1,test_refit_acc,test_refit_f1,refit_unreliable,test_n,test_single_acc,test_single_f1,test_ensemble_correct,test_ensemble_ci,test_refit_correct,test_refit_ci
probe,dinov2_b14,g32_t5,frozen,masked,avg,linear,3840,89.10336239103363,1606,89.1029585340841,1.3968266904943945,0.8903465855112997,"[89.75155279503106, 87.22741433021807, 89.09657320872275, 88.47352024922118, 90.96573208722741]",6,"[6, 3, 6, 3, 9]",92.17877094972067,0.9216480453039593,92.73743016759776,0.9272952728294295,False,179,90.5027932960894,0.9050731700426591,165,"[87.3,95.3]",166,"[88.0,95.7]"
probe,dinov2_b14,g32_t5,frozen,masked,avg,mlp,3840,88.85429638854296,1606,88.85373735028347,0.9774973652171135,0.8880625309999598,"[89.75155279503106, 88.47352024922118, 87.85046728971963, 88.1619937694704, 90.03115264797508]",6,"[10, 6, 6, 4, 9]",92.17877094972067,0.9216889849422267,91.06145251396647,0.9105384271511314,False,179,88.8268156424581,0.8892015414753689,165,"[87.3,95.3]",163,"[86.0,94.4]"
probe,dinov2_b14,g32_t5,frozen,masked,max,linear,3840,89.60149439601494,1606,89.60159439639327,0.6437793131200334,0.8954543606466597,"[89.44099378881988, 89.09657320872275, 90.65420560747664, 89.09657320872275, 89.7196261682243]",8,"[21, 8, 18, 7, 2]",94.41340782122904,0.9449009348906812,93.29608938547486,0.9333890746934226,False,179,93.85474860335195,0.9395211629500885,169,"[90.0,96.9]",167,"[88.6,96.1]"
probe,dinov2_b14,g32_t5,frozen,masked,max,mlp,3840,89.47696139476962,1606,89.47717729920086,0.860915449682389,0.8940504954562085,"[89.13043478260869, 88.1619937694704, 90.03115264797508, 89.7196261682243, 90.34267912772586]",11,"[9, 17, 11, 13, 3]",92.73743016759776,0.9285197881868517,91.06145251396647,0.9109466965008733,False,179,92.17877094972067,0.9227011528819418,166,"[88.0,95.7]",163,"[86.0,94.4]"
probe,dinov2_b14,g32_t5,frozen,masked,avg+max,linear,7680,88.85429638854296,1606,88.85373735028347,1.1165336276906932,0.887751720786677,"[89.75155279503106, 87.85046728971963, 90.34267912772586, 88.1619937694704, 88.1619937694704]",3,"[1, 8, 6, 3, 1]",92.17877094972067,0.9221086710383545,92.17877094972067,0.9219247083775186,True,179,90.5027932960894,0.9056730194399951,165,"[87.3,95.3]",165,"[87.3,95.3]"
probe,dinov2_b14,g32_t5,frozen,masked,avg+max,mlp,7680,89.29016189290162,1606,89.29026141135041,1.9271823267932418,0.892661648110049,"[89.13043478260869, 86.91588785046729, 90.34267912772586, 88.1619937694704, 91.90031152647975]",11,"[11, 32, 16, 11, 6]",91.62011173184358,0.9165901416183448,90.5027932960894,0.9056199530576103,False,179,92.73743016759776,0.9269336758920093,164,"[86.6,94.9]",162,"[85.3,94.0]"
probe,dinov2_b14,g32_t5,frozen,nomask,avg,linear,3840,86.55043586550435,1606,86.55018285249898,0.869022841109137,0.8647838907874357,"[86.95652173913044, 86.29283489096574, 85.98130841121495, 85.66978193146417, 87.85046728971963]",6,"[6, 3, 5, 7, 7]",91.06145251396647,0.9110809150372,91.06145251396647,0.9113899245621244,False,179,90.5027932960894,0.905659691186007,163,"[86.0,94.4]",163,"[86.0,94.4]"
probe,dinov2_b14,g32_t5,frozen,nomask,avg,mlp,3840,86.11457036114571,1606,86.11462626497165,0.35189474459342895,0.8602087521389098,"[86.0248447204969, 85.66978193146417, 85.98130841121495, 86.29283489096574, 86.6043613707165]",9,"[17, 10, 4, 9, 3]",91.62011173184358,0.916710305823209,92.17877094972067,0.9224752595462354,False,179,90.5027932960894,0.9047090673377565,164,"[86.6,94.9]",165,"[87.3,95.3]"
probe,dinov2_b14,g32_t5,frozen,nomask,max,linear,3840,87.42216687422167,1606,87.42129602755362,1.7772978182388288,0.8737556617470389,"[88.81987577639751, 84.42367601246106, 88.47352024922118, 88.1619937694704, 87.22741433021807]",5,"[5, 5, 5, 10, 1]",91.06145251396647,0.9115133449779236,92.73743016759776,0.9277186013758904,False,179,93.85474860335195,0.9389752270655692,163,"[86.0,94.4]",166,"[88.0,95.7]"
probe,dinov2_b14,g32_t5,frozen,nomask,max,mlp,3840,86.61270236612702,1606,86.6130686325729,1.6881215663149538,0.8656837882874188,"[86.0248447204969, 84.42367601246106, 86.6043613707165, 89.09657320872275, 86.91588785046729]",3,"[3, 6, 3, 4, 1]",92.17877094972067,0.9225392047809112,93.29608938547486,0.9335109952135232,True,179,91.62011173184358,0.9167190386341382,165,"[87.3,95.3]",167,"[88.6,96.1]"
probe,dinov2_b14,g32_t5,frozen,nomask,avg+max,linear,7680,86.05230386052304,1606,86.05174048489773,1.0511889177284635,0.8598772044382488,"[86.95652173913044, 84.42367601246106, 85.66978193146417, 86.91588785046729, 86.29283489096574]",5,"[5, 3, 5, 6, 5]",91.06145251396647,0.9113277448730732,91.62011173184358,0.9167625274817688,False,179,92.17877094972067,0.9222713994110122,163,"[86.0,94.4]",164,"[86.6,94.9]"
probe,dinov2_b14,g32_t5,frozen,nomask,avg+max,mlp,7680,87.23536737235368,1606,87.23496062382694,1.6520908015473568,0.8716856788740429,"[87.88819875776397, 86.29283489096574, 85.04672897196261, 89.40809968847351, 87.53894080996885]",4,"[9, 5, 3, 3, 4]",93.29608938547486,0.9335058661145618,92.73743016759776,0.9279978024615431,False,179,91.62011173184358,0.9167627332190182,167,"[88.6,96.1]",166,"[88.0,95.7]"
probe,dinov2_b14,g37_L1-3-6-9-11,frozen,masked,avg,linear,3840,89.04109589041096,1606,89.04104022754977,0.46345597807921773,0.8896494562747421,"[89.13043478260869, 89.7196261682243, 88.78504672897196, 88.47352024922118, 89.09657320872275]",6,"[6, 8, 3, 3, 6]",92.73743016759776,0.9275854532738876,92.17877094972067,0.9220197849527061,False,179,90.5027932960894,0.9060392924976259,166,"[88.0,95.7]",165,"[87.3,95.3]"
probe,dinov2_b14,g37_L1-3-6-9-11,frozen,masked,avg,mlp,3840,88.54296388542964,1606,88.54182388111685,1.1648360524463794,0.885000013223134,"[90.37267080745342, 88.1619937694704, 88.78504672897196, 87.22741433021807, 88.1619937694704]",9,"[6, 19, 3, 9, 12]",92.17877094972067,0.9221456971739005,92.17877094972067,0.9217662067124432,False,179,89.94413407821229,0.9002196163765313,165,"[87.3,95.3]",165,"[87.3,95.3]"
probe,dinov2_b14,g37_L1-3-6-9-11,frozen,masked,max,linear,3840,89.04109589041096,1606,89.04123372225769,0.5078721913787505,0.8897799140418752,"[88.81987577639751, 89.40809968847351, 89.7196261682243, 88.78504672897196, 88.47352024922118]",6,"[13, 6, 4, 20, 2]",92.73743016759776,0.9279286108134669,92.73743016759776,0.9275880244570947,False,179,93.85474860335195,0.9386874823241912,166,"[88.0,95.7]",166,"[88.0,95.7]"
probe,dinov2_b14,g37_L1-3-6-9-11,frozen,masked,max,mlp,3840,89.1656288916563,1606,89.16410286178673,1.428559516921504,0.8911043956306788,"[91.61490683229813, 88.1619937694704, 88.1619937694704, 89.09657320872275, 88.78504672897196]",5,"[5, 10, 5, 4, 3]",93.29608938547486,0.9335385770807766,91.62011173184358,0.9169120882142661,False,179,91.06145251396647,0.9103073890846661,167,"[88.6,96.1]",164,"[86.6,94.9]"
probe,dinov2_b14,g37_L1-3-6-9-11,frozen,masked,avg+max,linear,7680,88.4184308841843,1606,88.41798726804821,0.9763226041750821,0.8833840670627865,"[89.13043478260869, 89.7196261682243, 87.53894080996885, 87.53894080996885, 88.1619937694704]",3,"[1, 6, 3, 3, 4]",93.29608938547486,0.932835607962805,92.17877094972067,0.9221323783318411,True,179,92.17877094972067,0.9217416310084856,167,"[88.6,96.1]",165,"[87.3,95.3]"
probe,dinov2_b14,g37_L1-3-6-9-11,frozen,masked,avg+max,mlp,7680,89.53922789539229,1606,89.53890211102727,0.9541806554368468,0.8953434697264788,"[90.06211180124224, 90.03115264797508, 89.7196261682243, 87.85046728971963, 90.03115264797508]",11,"[11, 17, 3, 11, 6]",92.73743016759776,0.9282897900967781,92.17877094972067,0.9222022971307868,False,179,92.17877094972067,0.921918928743408,166,"[88.0,95.7]",165,"[87.3,95.3]"
probe,dinov2_b14,g37_L1-3-6-9-11,frozen,nomask,avg,linear,3840,86.86176836861769,1606,86.86054836400226,1.9959364137972861,0.8680015520846819,"[88.81987577639751, 85.98130841121495, 88.78504672897196, 84.11214953271028, 86.6043613707165]",7,"[6, 3, 7, 10, 7]",93.85474860335195,0.939256499488741,91.06145251396647,0.9111930360993329,False,179,89.94413407821229,0.9006115401474122,168,"[89.3,96.5]",163,"[86.0,94.4]"
probe,dinov2_b14,g37_L1-3-6-9-11,frozen,nomask,avg,mlp,3840,86.3013698630137,1606,86.30076817399045,1.1941763826567453,0.8618335388199219,"[87.26708074534162, 85.04672897196261, 87.53894080996885, 86.6043613707165, 85.04672897196261]",5,"[6, 17, 3, 3, 5]",92.17877094972067,0.9229381289353362,92.73743016759776,0.9279170351901054,False,179,91.06145251396647,0.9119536580337974,165,"[87.3,95.3]",166,"[88.0,95.7]"
probe,dinov2_b14,g37_L1-3-6-9-11,frozen,nomask,max,linear,3840,87.29763387297635,1606,87.29668543565333,1.8813419902848814,0.8725479842717248,"[88.81987577639751, 84.11214953271028, 87.85046728971963, 88.47352024922118, 87.22741433021807]",2,"[4, 5, 1, 2, 1]",88.8268156424581,0.8891411383580528,89.3854748603352,0.8946134755032632,True,179,90.5027932960894,0.9056776917552718,159,"[83.4,92.6]",160,"[84.0,93.1]"
probe,dinov2_b14,g37_L1-3-6-9-11,frozen,nomask,max,mlp,3840,87.546699875467,1606,87.54687409299355,1.8014630608735607,0.8750074781445513,"[87.26708074534162, 85.04672897196261, 86.91588785046729, 88.78504672897196, 89.7196261682243]",3,"[19, 5, 3, 2, 3]",91.06145251396647,0.9113611637184189,91.62011173184358,0.9162329620520997,True,179,93.29608938547486,0.9332056955659646,163,"[86.0,94.4]",164,"[86.6,94.9]"
probe,dinov2_b14,g37_L1-3-6-9-11,frozen,nomask,avg+max,linear,7680,87.42216687422167,1606,87.42110253284572,1.1696083684652232,0.873650846377734,"[89.13043478260869, 86.6043613707165, 86.6043613707165, 86.6043613707165, 88.1619937694704]",4,"[4, 3, 4, 5, 8]",92.17877094972067,0.922683257525176,91.06145251396647,0.9115065319719959,False,179,87.15083798882681,0.8738353344770069,165,"[87.3,95.3]",163,"[86.0,94.4]"
probe,dinov2_b14,g37_L1-3-6-9-11,frozen,nomask,avg+max,mlp,7680,87.98256537982564,1606,87.98146320698129,1.8843890708436177,0.8791643869471603,"[89.75155279503106, 85.35825545171339, 88.1619937694704, 89.7196261682243, 86.91588785046729]",7,"[7, 17, 7, 3, 14]",92.73743016759776,0.9284918148184731,94.41340782122904,0.9446482728740793,False,179,91.06145251396647,0.9114307448224351,166,"[88.0,95.7]",169,"[90.0,96.9]"
probe,sam_b16,g32_t5,frozen,masked,avg,linear,3840,85.49190535491906,1606,85.49196029488593,2.141958493472707,0.8534501379258799,"[85.40372670807453, 85.04672897196261, 89.09657320872275, 83.48909657320873, 84.42367601246106]",3,"[1, 3, 7, 5, 1]",92.73743016759776,0.9284562901287641,89.94413407821229,0.9000607445537769,True,179,91.06145251396647,0.9108058764557099,166,"[88.0,95.7]",161,"[84.7,93.5]"
probe,sam_b16,g32_t5,frozen,masked,avg,mlp,3840,87.42216687422167,1606,87.42032855401405,1.8232774390884454,0.8734894054759742,"[90.37267080745342, 85.35825545171339, 87.22741433021807, 86.91588785046729, 87.22741433021807]",8,"[8, 20, 4, 8, 4]",92.17877094972067,0.9228816645899134,89.94413407821229,0.9006112476338498,False,179,91.06145251396647,0.9119821396382863,165,"[87.3,95.3]",161,"[84.7,93.5]"
probe,sam_b16,g32_t5,frozen,masked,max,linear,3840,86.6749688667497,1606,86.67459994969138,1.4551267753405717,0.8658871784984944,"[87.26708074534162, 84.11214953271028, 87.53894080996885, 87.53894080996885, 86.91588785046729]",9,"[21, 9, 11, 6, 6]",91.06145251396647,0.9118717061497212,89.94413407821229,0.8997826195731338,False,179,91.62011173184358,0.9172347693743821,163,"[86.0,94.4]",161,"[84.7,93.5]"
probe,sam_b16,g32_t5,frozen,masked,max,mlp,3840,85.7409713574097,1606,85.7396335210232,2.435386726171915,0.8568981827342792,"[87.88819875776397, 81.93146417445483, 86.91588785046729, 87.22741433021807, 84.73520249221184]",6,"[6, 17, 3, 6, 6]",91.62011173184358,0.9170113041080783,88.8268156424581,0.8883166355260614,False,179,89.3854748603352,0.8940117853161331,164,"[86.6,94.9]",159,"[83.4,92.6]"
probe,sam_b16,g32_t5,frozen,masked,avg+max,linear,7680,86.92403486924036,1606,86.92246667053656,2.6235744019021516,0.8683051693238257,"[89.44099378881988, 82.86604361370716, 88.78504672897196, 87.53894080996885, 85.98130841121495]",6,"[10, 3, 10, 6, 4]",89.94413407821229,0.9007746229635464,90.5027932960894,0.9051418439716312,False,179,90.5027932960894,0.9059020119132911,161,"[84.7,93.5]",162,"[85.3,94.0]"
probe,sam_b16,g32_t5,frozen,masked,avg+max,mlp,7680,87.98256537982564,1606,87.98107621756546,1.8342453793086841,0.8780185645668122,"[90.37267080745342, 89.40809968847351, 85.98130841121495, 87.22741433021807, 86.91588785046729]",6,"[18, 13, 1, 6, 6]",92.73743016759776,0.9281621815639787,91.06145251396647,0.9108963127697322,False,179,88.8268156424581,0.8902434256745188,166,"[88.0,95.7]",163,"[86.0,94.4]"
probe,sam_b16,g32_t5,frozen,nomask,avg,linear,3840,82.00498132004981,1606,82.00267022696929,2.5125134711003603,0.8177568958907516,"[85.71428571428571, 80.06230529595015, 80.68535825545172, 83.48909657320873, 80.06230529595015]",4,"[4, 8, 4, 13, 3]",85.47486033519553,0.8550279193067706,84.35754189944134,0.8441354903943377,False,179,83.24022346368714,0.8340968196092641,153,"[79.6,89.9]",151,"[78.3,89.0]"
probe,sam_b16,g32_t5,frozen,nomask,avg,mlp,3840,83.43711083437111,1606,83.43646601265455,1.4596360214870914,0.8332174801901919,"[84.472049689441, 82.2429906542056, 85.35825545171339, 81.93146417445483, 83.17757009345794]",20,"[16, 20, 22, 28, 10]",86.59217877094973,0.8670606334992431,86.59217877094973,0.8647445032513357,False,179,86.03351955307262,0.8600438153016514,155,"[80.8,90.8]",155,"[80.8,90.8]"
probe,sam_b16,g32_t5,frozen,nomask,max,linear,3840,83.00124533001245,1606,83.00207039337474,1.7177404284994267,0.8286814786812741,"[81.67701863354037, 82.86604361370716, 84.73520249221184, 84.73520249221184, 80.99688473520249]",6,"[2, 6, 6, 3, 6]",88.8268156424581,0.888132168956514,87.70949720670392,0.8773963213896473,False,179,88.26815642458101,0.8828700711053652,159,"[83.4,92.6]",157,"[82.1,91.7]"
probe,sam_b16,g32_t5,frozen,nomask,max,mlp,3840,83.68617683686178,1606,83.68704165941061,1.7594800535192456,0.8348939496679059,"[82.29813664596274, 82.55451713395638, 84.73520249221184, 86.29283489096574, 82.55451713395638]",3,"[9, 10, 2, 3, 3]",90.5027932960894,0.9057849514731973,87.70949720670392,0.8790406236003057,True,179,89.94413407821229,0.9007216073892597,162,"[85.3,94.0]",157,"[82.1,91.7]"
probe,sam_b16,g32_t5,frozen,nomask,avg+max,linear,7680,83.18804483188045,1606,83.18801880768561,1.1016602121203074,0.8308678144577006,"[83.22981366459628, 82.2429906542056, 82.55451713395638, 85.04672897196261, 82.86604361370716]",6,"[9, 6, 4, 7, 3]",88.26815642458101,0.8853592227292653,89.3854748603352,0.8951193381045739,False,179,89.3854748603352,0.8961152609018551,158,"[82.7,92.2]",160,"[84.0,93.1]"
probe,sam_b16,g32_t5,frozen,nomask,avg+max,mlp,7680,85.0560398505604,1606,85.05601671794277,2.5689971091787913,0.8487447089147789,"[85.09316770186336, 83.17757009345794, 88.1619937694704, 86.91588785046729, 81.93146417445483]",7,"[4, 8, 7, 7, 6]",89.3854748603352,0.8944573948523986,89.94413407821229,0.9002795683143137,False,179,88.8268156424581,0.8887869298010505,160,"[84.0,93.1]",161,"[84.7,93.5]"
probe,dinov3_b16,g32_t5,frozen,masked,avg,linear,3840,88.66749688667497,1606,88.66624097830925,1.3069221867599459,0.8860240928932317,"[90.6832298136646, 87.53894080996885, 87.53894080996885, 88.47352024922118, 89.09657320872275]",4,"[6, 15, 3, 3, 4]",92.73743016759776,0.9270276002978199,92.73743016759776,0.9272383237295518,False,179,93.29608938547486,0.93279427359491,166,"[88.0,95.7]",166,"[88.0,95.7]"
probe,dinov3_b16,g32_t5,frozen,masked,avg,mlp,3840,87.48443337484434,1606,87.48418180762755,1.3677255928127872,0.874336938146729,"[87.88819875776397, 86.6043613707165, 86.6043613707165, 86.6043613707165, 89.7196261682243]",6,"[13, 6, 3, 9, 5]",92.73743016759776,0.9275633988449489,93.29608938547486,0.9324529141442494,False,179,91.06145251396647,0.9112564282958349,166,"[88.0,95.7]",167,"[88.6,96.1]"
probe,dinov3_b16,g32_t5,frozen,masked,max,linear,3840,89.1656288916563,1606,89.16565081945008,1.500235110754049,0.891265470894876,"[89.13043478260869, 87.85046728971963, 90.34267912772586, 87.53894080996885, 90.96573208722741]",8,"[20, 13, 3, 8, 6]",92.73743016759776,0.9280710835058661,91.62011173184358,0.9169083281014878,False,179,93.85474860335195,0.9390614216701173,166,"[88.0,95.7]",164,"[86.6,94.9]"
probe,dinov3_b16,g32_t5,frozen,masked,max,mlp,3840,88.72976338729764,1606,88.729513747799,1.349581478548322,0.8868586360540067,"[89.13043478260869, 86.91588785046729, 89.40809968847351, 87.85046728971963, 90.34267912772586]",6,"[15, 6, 8, 6, 3]",91.62011173184358,0.9171313743557048,93.85474860335195,0.9385409533420634,False,179,88.26815642458101,0.8840742498957609,164,"[86.6,94.9]",168,"[89.3,96.5]"
probe,dinov3_b16,g32_t5,frozen,masked,avg+max,linear,7680,88.23163138231631,1606,88.23126487490566,0.7821189174450195,0.8818203183522538,"[88.81987577639751, 87.22741433021807, 88.78504672897196, 87.53894080996885, 88.78504672897196]",6,"[6, 6, 6, 5, 5]",91.62011173184358,0.9168025362318841,92.17877094972067,0.9216430718126678,False,179,92.73743016759776,0.9274199362179802,164,"[86.6,94.9]",165,"[87.3,95.3]"
probe,dinov3_b16,g32_t5,frozen,masked,avg+max,mlp,7680,88.23163138231631,1606,88.23184535902944,1.3802508646362834,0.8819336290010449,"[87.88819875776397, 86.29283489096574, 89.40809968847351, 87.85046728971963, 89.7196261682243]",3,"[11, 4, 3, 3, 3]",93.29608938547486,0.9332889148611517,92.73743016759776,0.9272965571925652,True,179,91.62011173184358,0.9171710565525202,167,"[88.6,96.1]",166,"[88.0,95.7]"
probe,dinov3_b16,g32_t5,frozen,nomask,avg,linear,3840,86.92403486924036,1606,86.92304715466032,1.977393509655609,0.8683538197322831,"[88.50931677018633, 87.22741433021807, 87.53894080996885, 87.85046728971963, 83.48909657320873]",5,"[6, 3, 5, 3, 11]",89.94413407821229,0.899108138238573,89.3854748603352,0.8927385265700484,False,179,91.06145251396647,0.9102081610146127,161,"[84.7,93.5]",160,"[84.0,93.1]"
probe,dinov3_b16,g32_t5,frozen,nomask,avg,mlp,3840,86.23910336239103,1606,86.23904336216404,1.7124721107814986,0.8614628706706988,"[86.33540372670807, 85.66978193146417, 86.91588785046729, 88.47352024922118, 83.8006230529595]",4,"[6, 5, 3, 3, 4]",89.94413407821229,0.8993016141477571,89.3854748603352,0.8934871780016538,False,179,89.94413407821229,0.8998188446670577,161,"[84.7,93.5]",160,"[84.0,93.1]"
probe,dinov3_b16,g32_t5,frozen,nomask,max,linear,3840,86.6749688667497,1606,86.67459994969138,2.154219433935821,0.8666368247149101,"[87.26708074534162, 84.42367601246106, 90.03115264797508, 86.29283489096574, 85.35825545171339]",5,"[8, 5, 2, 9, 1]",90.5027932960894,0.9048399120827881,90.5027932960894,0.905331496345617,False,179,91.62011173184358,0.9167753477795614,162,"[85.3,94.0]",162,"[85.3,94.0]"
probe,dinov3_b16,g32_t5,frozen,nomask,max,mlp,3840,87.29763387297635,1606,87.29823339331669,1.4439882729773637,0.872665144545512,"[86.33540372670807, 85.66978193146417, 89.40809968847351, 87.22741433021807, 87.85046728971963]",5,"[6, 5, 3, 13, 3]",93.29608938547486,0.9329837724999015,91.06145251396647,0.9106168595381396,False,179,93.29608938547486,0.9325338639854769,167,"[88.6,96.1]",163,"[86.0,94.4]"
probe,dinov3_b16,g32_t5,frozen,nomask,avg+max,linear,7680,86.86176836861769,1606,86.86170933224976,1.517119439463187,0.867623248029384,"[86.95652173913044, 85.35825545171339, 87.85046728971963, 88.78504672897196, 85.35825545171339]",3,"[1, 3, 5, 3, 2]",90.5027932960894,0.9051893007460882,91.06145251396647,0.9096616991759496,True,179,91.62011173184358,0.9165661591817702,162,"[85.3,94.0]",163,"[86.0,94.4]"
probe,dinov3_b16,g32_t5,frozen,nomask,avg+max,mlp,7680,87.67123287671232,1606,87.67090420077011,1.1402548080945492,0.8759556025692102,"[88.19875776397515, 85.66978193146417, 87.85046728971963, 88.47352024922118, 88.1619937694704]",5,"[9, 5, 7, 3, 4]",91.62011173184358,0.9161605419669936,91.62011173184358,0.9161605419669936,False,179,91.62011173184358,0.916143661900296,164,"[86.6,94.9]",164,"[86.6,94.9]"
probe,dinov2_reg,g32_t5,frozen,masked,avg,linear,3840,88.6052303860523,1606,88.6039356823591,1.3969866327521936,0.8852797534899672,"[90.6832298136646, 87.85046728971963, 88.78504672897196, 86.91588785046729, 88.78504672897196]",3,"[6, 2, 3, 3, 4]",93.29608938547486,0.9331853730712323,92.73743016759776,0.9275959846867602,True,179,92.17877094972067,0.9219799359923535,167,"[88.6,96.1]",166,"[88.0,95.7]"
probe,dinov2_reg,g32_t5,frozen,masked,avg,mlp,3840,89.41469489414695,1606,89.41390452971112,1.6243670408165742,0.8938272315066798,"[90.6832298136646, 88.47352024922118, 88.47352024922118, 87.85046728971963, 91.58878504672897]",6,"[10, 6, 3, 9, 4]",92.17877094972067,0.9220674075778889,93.29608938547486,0.9330307672954559,False,179,91.06145251396647,0.911197907507057,165,"[87.3,95.3]",167,"[88.6,96.1]"
probe,dinov2_reg,g32_t5,frozen,masked,max,linear,3840,88.35616438356165,1606,88.35587546680598,1.7170948674253101,0.8833369331367843,"[88.81987577639751, 87.22741433021807, 90.03115264797508, 85.98130841121495, 89.7196261682243]",6,"[13, 3, 7, 5, 6]",92.73743016759776,0.9277639922801213,93.85474860335195,0.9391547731112999,False,179,94.41340782122904,0.9443727692443453,166,"[88.0,95.7]",168,"[89.3,96.5]"
probe,dinov2_reg,g32_t5,frozen,masked,max,mlp,3840,88.35616438356165,1606,88.35626245622181,0.9224225765220198,0.882682245661352,"[88.19875776397515, 87.53894080996885, 89.7196261682243, 87.53894080996885, 88.78504672897196]",8,"[4, 13, 8, 8, 8]",94.41340782122904,0.9446962201391556,90.5027932960894,0.9051095633756924,False,179,92.73743016759776,0.9280352883703555,169,"[90.0,96.9]",162,"[85.3,94.0]"
probe,dinov2_reg,g32_t5,frozen,masked,avg+max,linear,7680,89.72602739726028,1606,89.7265919777094,1.5834250199918867,0.8964053231890523,"[88.81987577639751, 87.53894080996885, 91.58878504672897, 90.03115264797508, 90.65420560747664]",4,"[2, 6, 6, 3, 4]",91.62011173184358,0.9162192365024322,91.06145251396647,0.9113500753833473,False,179,90.5027932960894,0.9061040443047539,164,"[86.6,94.9]",163,"[86.0,94.4]"
probe,dinov2_reg,g32_t5,frozen,masked,avg+max,mlp,7680,88.85429638854296,1606,88.8539308449914,1.1779351701364567,0.8875583169587941,"[89.44099378881988, 86.91588785046729, 88.78504672897196, 89.09657320872275, 90.03115264797508]",3,"[13, 23, 3, 3, 3]",93.29608938547486,0.9331853730712323,93.29608938547486,0.9334939595391555,True,179,93.85474860335195,0.9386140268144929,167,"[88.6,96.1]",167,"[88.6,96.1]"
probe,dinov2_reg,g32_t5,frozen,nomask,avg,linear,3840,87.733499377335,1606,87.73282250730442,1.3214218135977587,0.8759445308440814,"[88.81987577639751, 86.29283489096574, 88.47352024922118, 88.78504672897196, 86.29283489096574]",5,"[6, 2, 5, 3, 5]",91.62011173184358,0.9161080917874397,91.62011173184358,0.9163794112257042,False,179,89.3854748603352,0.89470754341444,164,"[86.6,94.9]",164,"[86.6,94.9]"
probe,dinov2_reg,g32_t5,frozen,nomask,avg,mlp,3840,87.29763387297635,1606,87.29823339331668,0.8523025673394263,0.8716795765284344,"[86.33540372670807, 88.1619937694704, 87.22741433021807, 88.1619937694704, 86.6043613707165]",9,"[19, 10, 3, 9, 4]",92.73743016759776,0.9275849007971434,89.94413407821229,0.9000927941417014,False,179,92.17877094972067,0.9222795903895302,166,"[88.0,95.7]",161,"[84.7,93.5]"
probe,dinov2_reg,g32_t5,frozen,nomask,max,linear,3840,86.3013698630137,1606,86.3005746792825,1.0679286534864576,0.8625317501729002,"[87.5776397515528, 85.35825545171339, 86.6043613707165, 85.04672897196261, 86.91588785046729]",5,"[4, 5, 5, 6, 1]",91.06145251396647,0.9112337577171337,91.06145251396647,0.9111810232777975,False,179,90.5027932960894,0.9058162474459241,163,"[86.0,94.4]",163,"[86.0,94.4]"
probe,dinov2_reg,g32_t5,frozen,nomask,max,mlp,3840,87.17310087173101,1606,87.17226833846094,1.828316638431212,0.8711290319810552,"[88.50931677018633, 84.11214953271028, 86.91588785046729, 88.47352024922118, 87.85046728971963]",4,"[3, 23, 4, 7, 1]",92.73743016759776,0.9278977859086217,91.06145251396647,0.9101975697176327,False,179,92.17877094972067,0.9223590342898444,166,"[88.0,95.7]",163,"[86.0,94.4]"
probe,dinov2_reg,g32_t5,frozen,nomask,avg+max,linear,7680,87.23536737235368,1606,87.23418664499525,1.179219283328808,0.8715748849063125,"[89.13043478260869, 87.53894080996885, 86.29283489096574, 86.91588785046729, 86.29283489096574]",5,"[7, 6, 5, 3, 1]",89.3854748603352,0.8947036038331901,91.62011173184358,0.9165538438760359,False,179,91.62011173184358,0.9166365521574035,160,"[84.0,93.1]",164,"[86.6,94.9]"
probe,dinov2_reg,g32_t5,frozen,nomask,avg+max,mlp,7680,87.67123287671232,1606,87.67109769547804,1.5050072614152499,0.8758800720737485,"[87.88819875776397, 85.04672897196261, 88.47352024922118, 88.78504672897196, 88.1619937694704]",5,"[5, 17, 5, 3, 3]",91.06145251396647,0.9111183134633146,91.06145251396647,0.9111855012061991,False,179,92.17877094972067,0.922515331890332,163,"[86.0,94.4]",163,"[86.0,94.4]"
probe,sam2_hiera,g32_t5,frozen,masked,avg,linear,1680,86.79950186799502,1606,86.79921054159169,1.745448504369079,0.8668006487346052,"[87.26708074534162, 84.42367601246106, 88.78504672897196, 85.66978193146417, 87.85046728971963]",4,"[9, 3, 4, 3, 9]",91.62011173184358,0.9167452927671502,88.26815642458101,0.883759831865053,False,179,89.94413407821229,0.8997223631967042,164,"[86.6,94.9]",158,"[82.7,92.2]"
probe,sam2_hiera,g32_t5,frozen,masked,avg,mlp,1680,87.67123287671232,1606,87.67109769547803,1.3875792735414925,0.87585982064386,"[87.88819875776397, 85.35825545171339, 88.1619937694704, 89.09657320872275, 87.85046728971963]",6,"[6, 8, 5, 3, 6]",92.73743016759776,0.9273105512278192,93.29608938547486,0.9328029012769347,False,179,89.94413407821229,0.8996668072955745,166,"[88.0,95.7]",167,"[88.6,96.1]"
probe,sam2_hiera,g32_t5,frozen,masked,max,linear,1680,86.98630136986301,1606,86.98515895590255,1.649229642953825,0.8687129742446553,"[88.81987577639751, 85.35825545171339, 88.47352024922118, 85.35825545171339, 86.91588785046729]",10,"[22, 10, 6, 20, 10]",91.62011173184358,0.9165014532689055,89.94413407821229,0.8996541395491608,False,179,91.06145251396647,0.9104133226324238,164,"[86.6,94.9]",161,"[84.7,93.5]"
probe,sam2_hiera,g32_t5,frozen,masked,max,mlp,1680,86.42590286425903,1606,86.42518527118284,1.2854644383001748,0.8620883784148521,"[87.5776397515528, 84.73520249221184, 85.98130841121495, 85.98130841121495, 87.85046728971963]",5,"[5, 8, 2, 4, 6]",91.06145251396647,0.9105327035822304,89.94413407821229,0.8991497199872894,False,179,91.62011173184358,0.9163220296918009,163,"[86.0,94.4]",161,"[84.7,93.5]"
probe,sam2_hiera,g32_t5,frozen,masked,avg+max,linear,3360,87.92029887920299,1606,87.91935140573905,1.587124108950083,0.8783887639986563,"[89.44099378881988, 86.29283489096574, 86.6043613707165, 87.53894080996885, 89.7196261682243]",10,"[10, 3, 4, 13, 14]",92.17877094972067,0.9216057211301345,91.62011173184358,0.9164431611444953,False,179,91.06145251396647,0.9100482454161214,165,"[87.3,95.3]",164,"[86.6,94.9]"
probe,sam2_hiera,g32_t5,frozen,masked,avg+max,mlp,3360,88.85429638854296,1606,88.8539308449914,0.9750958419087801,0.8876484614936739,"[89.44099378881988, 87.22741433021807, 89.7196261682243, 88.78504672897196, 89.09657320872275]",4,"[8, 17, 3, 4, 3]",93.29608938547486,0.9331853730712323,94.41340782122904,0.9444143504477265,False,179,91.62011173184358,0.9164359374780173,167,"[88.6,96.1]",169,"[90.0,96.9]"
probe,sam2_hiera,g32_t5,frozen,nomask,avg,linear,1680,83.12577833125778,1606,83.12416555407209,2.388613837502606,0.8294239346523995,"[85.71428571428571, 81.93146417445483, 80.06230529595015, 85.35825545171339, 82.55451713395638]",9,"[9, 14, 2, 17, 5]",87.15083798882681,0.8716861081654295,87.15083798882681,0.8717859758902056,False,179,89.3854748603352,0.894838535399888,156,"[81.5,91.3]",156,"[81.5,91.3]"
probe,sam2_hiera,g32_t5,frozen,nomask,avg,mlp,1680,83.74844333748443,1606,83.7456705559103,2.6071746492151195,0.8360574255460088,"[88.19875776397515, 82.86604361370716, 83.17757009345794, 83.17757009345794, 81.30841121495327]",5,"[5, 10, 3, 9, 4]",88.8268156424581,0.8882399487243527,87.15083798882681,0.872002173536999,False,179,84.91620111731844,0.8506396973043068,159,"[83.4,92.6]",156,"[81.5,91.3]"
probe,sam2_hiera,g32_t5,frozen,nomask,max,linear,1680,82.68991282689913,1606,82.68822197712892,2.201324245730245,0.8245676993776445,"[85.40372670807453, 79.43925233644859, 82.55451713395638, 83.8006230529595, 82.2429906542056]",6,"[5, 6, 3, 14, 8]",87.70949720670392,0.8769006168743799,88.8268156424581,0.8880908662238585,False,179,87.15083798882681,0.8711534904375984,157,"[82.1,91.7]",159,"[83.4,92.6]"
probe,sam2_hiera,g32_t5,frozen,nomask,max,mlp,1680,82.12951432129513,1606,82.12766780828545,4.492953492717454,0.8198468267265735,"[85.09316770186336, 75.38940809968847, 80.37383177570094, 86.91588785046729, 82.86604361370716]",2,"[2, 6, 2, 2, 3]",89.3854748603352,0.8935889265105276,89.3854748603352,0.8923083104752899,True,179,89.94413407821229,0.8994448815455897,160,"[84.0,93.1]",160,"[84.0,93.1]"
probe,sam2_hiera,g32_t5,frozen,nomask,avg+max,linear,3360,83.00124533001245,1606,83.00013544629556,1.6552207882957501,0.8280569006651707,"[84.78260869565217, 80.68535825545172, 81.93146417445483, 83.8006230529595, 83.8006230529595]",2,"[1, 3, 2, 2, 5]",86.59217877094973,0.8662880662138456,86.59217877094973,0.8660555012247079,True,179,89.3854748603352,0.8933012975576174,155,"[80.8,90.8]",155,"[80.8,90.8]"
probe,sam2_hiera,g32_t5,frozen,nomask,avg+max,mlp,3360,84.55790784557908,1606,84.55563940326232,2.267674353204519,0.8446122401422,"[88.19875776397515, 84.42367601246106, 83.17757009345794, 84.73520249221184, 82.2429906542056]",5,"[5, 6, 3, 9, 4]",89.94413407821229,0.8997334719841112,87.15083798882681,0.8701510820743161,False,179,86.03351955307262,0.8608178053830228,161,"[84.7,93.5]",156,"[81.5,91.3]"
probe,convnextv2_b,g32_t5,frozen,masked,avg,linear,1920,87.17310087173101,1606,87.1728488225847,1.75612592575658,0.8705490971096367,"[87.5776397515528, 84.42367601246106, 88.47352024922118, 88.78504672897196, 86.6043613707165]",11,"[11, 6, 16, 19, 2]",92.73743016759776,0.9281336885656215,91.06145251396647,0.9111634670306172,False,179,90.5027932960894,0.9068705649686832,166,"[88.0,95.7]",163,"[86.0,94.4]"
probe,convnextv2_b,g32_t5,frozen,masked,avg,mlp,1920,87.733499377335,1606,87.73224202318066,2.523750036388333,0.8765423810304824,"[89.75155279503106, 83.8006230529595, 86.6043613707165, 89.40809968847351, 89.09657320872275]",8,"[10, 6, 17, 8, 4]",94.41340782122904,0.9442397049165474,93.29608938547486,0.9328029012769347,False,179,92.17877094972067,0.9221096700318872,169,"[90.0,96.9]",167,"[88.6,96.1]"
probe,convnextv2_b,g32_t5,frozen,masked,max,linear,1920,84.18430884184309,1606,84.18335558522475,2.332227521959975,0.8416087877631011,"[85.71428571428571, 80.37383177570094, 85.66978193146417, 85.66978193146417, 83.48909657320873]",7,"[12, 7, 4, 15, 6]",91.06145251396647,0.9105884352976177,91.62011173184358,0.9160807830162669,False,179,89.94413407821229,0.8995302730297781,163,"[86.0,94.4]",164,"[86.6,94.9]"
probe,convnextv2_b,g32_t5,frozen,masked,max,mlp,1920,83.93524283935243,1606,83.93490838025579,1.539742937604947,0.8390692182741096,"[84.472049689441, 81.30841121495327, 84.42367601246106, 85.35825545171339, 84.11214953271028]",4,"[13, 8, 3, 4, 3]",89.94413407821229,0.899448776181982,91.62011173184358,0.9157608695652174,False,179,89.94413407821229,0.9000611230874388,161,"[84.7,93.5]",164,"[86.6,94.9]"
probe,convnextv2_b,g32_t5,frozen,masked,avg+max,linear,3840,86.98630136986301,1606,86.9855459453184,1.854224056871992,0.8691815006526508,"[88.19875776397515, 84.11214953271028, 88.78504672897196, 87.53894080996885, 86.29283489096574]",4,"[14, 3, 6, 4, 1]",93.85474860335195,0.9386917343906591,94.97206703910615,0.9488166199158485,False,179,91.62011173184358,0.9166169939223936,168,"[89.3,96.5]",170,"[90.7,97.3]"
probe,convnextv2_b,g32_t5,frozen,masked,avg+max,mlp,3840,86.4881693648817,1606,86.48768406184091,2.2776833620212042,0.8642804526625649,"[87.26708074534162, 82.55451713395638, 87.85046728971963, 88.1619937694704, 86.6043613707165]",6,"[15, 8, 6, 4, 2]",93.85474860335195,0.938469445805663,92.73743016759776,0.927887827516128,False,179,90.5027932960894,0.9058783414472285,168,"[89.3,96.5]",166,"[88.0,95.7]"
probe,convnextv2_b,g32_t5,frozen,nomask,avg,linear,1920,83.43711083437111,1606,83.43723999148622,2.9163694791824715,0.833312533081755,"[83.22981366459628, 78.50467289719626, 84.42367601246106, 85.66978193146417, 85.35825545171339]",4,"[7, 1, 3, 4, 9]",89.3854748603352,0.8939986563838181,87.70949720670392,0.8771756136799583,False,179,87.15083798882681,0.8720193916260219,160,"[84.0,93.1]",157,"[82.1,91.7]"
probe,convnextv2_b,g32_t5,frozen,nomask,avg,mlp,1920,85.24283935242839,1606,85.24215862696155,1.462384819996503,0.8507354283461728,"[86.33540372670807, 84.73520249221184, 83.17757009345794, 86.91588785046729, 85.04672897196261]",5,"[5, 10, 3, 6, 4]",89.94413407821229,0.8994652040565306,90.5027932960894,0.9052052060509452,False,179,90.5027932960894,0.9055406510183783,161,"[84.7,93.5]",162,"[85.3,94.0]"
probe,convnextv2_b,g32_t5,frozen,nomask,max,linear,1920,80.75965130759651,1606,80.75830576033745,1.9773118545858985,0.8070065638655647,"[82.91925465838509, 80.06230529595015, 82.2429906542056, 80.68535825545172, 77.88161993769471]",4,"[5, 13, 4, 4, 2]",85.47486033519553,0.8549565506171474,84.35754189944134,0.8434477756286267,False,179,84.91620111731844,0.8489822796934865,153,"[79.6,89.9]",151,"[78.3,89.0]"
probe,convnextv2_b,g32_t5,frozen,nomask,max,mlp,1920,81.56911581569116,1606,81.56866159710532,0.788167387974751,0.8155975640485472,"[82.29813664596274, 81.61993769470405, 81.30841121495327, 82.2429906542056, 80.37383177570094]",4,"[9, 4, 5, 2, 2]",88.26815642458101,0.8829327555415327,88.8268156424581,0.8884948223019168,False,179,87.70949720670392,0.877573575849438,158,"[82.7,92.2]",159,"[83.4,92.6]"
probe,convnextv2_b,g32_t5,frozen,nomask,avg+max,linear,3840,83.49937733499377,1606,83.4987713086047,1.255329632348708,0.8340384897014065,"[84.472049689441, 82.86604361370716, 81.93146417445483, 85.04672897196261, 83.17757009345794]",3,"[2, 8, 3, 3, 3]",88.8268156424581,0.8889439678656912,88.26815642458101,0.8826095947063689,True,179,88.8268156424581,0.8887723431517324,159,"[83.4,92.6]",158,"[82.7,92.2]"
probe,convnextv2_b,g32_t5,frozen,nomask,avg+max,mlp,3840,84.49564134495643,1606,84.49507555968344,2.6781967673616514,0.8441774197332327,"[85.40372670807453, 81.30841121495327, 84.11214953271028, 88.47352024922118, 83.17757009345794]",6,"[6, 6, 4, 6, 2]",89.94413407821229,0.8996997626029885,87.15083798882681,0.871977943639616,False,179,89.3854748603352,0.894323418516967,161,"[84.7,93.5]",156,"[81.5,91.3]"
probe,resnet50,g32_t5,frozen,masked,avg,linear,3904,86.55043586550435,1606,86.54998935779108,1.5370384604854161,0.8640863763158944,"[87.26708074534162, 84.73520249221184, 85.98130841121495, 88.78504672897196, 85.98130841121495]",2,"[2, 1, 4, 4, 1]",87.70949720670392,0.8759206470969056,89.94413407821229,0.8989048887999103,True,179,89.3854748603352,0.8931049129420379,157,"[82.1,91.7]",161,"[84.7,93.5]"
probe,resnet50,g32_t5,frozen,masked,avg,mlp,3904,87.29763387297635,1606,87.29803989860878,1.5593968883259202,0.8715089528636029,"[86.64596273291926, 85.98130841121495, 85.98130841121495, 89.40809968847351, 88.47352024922118]",3,"[13, 1, 3, 2, 4]",89.3854748603352,0.894190882368294,89.3854748603352,0.8922493699852272,True,179,89.3854748603352,0.8938620695716977,160,"[84.0,93.1]",160,"[84.0,93.1]"
probe,resnet50,g32_t5,frozen,masked,max,linear,3904,88.16936488169364,1606,88.17031404191096,0.9433501057051655,0.8805769341688876,"[86.64596273291926, 88.1619937694704, 88.1619937694704, 88.78504672897196, 89.09657320872275]",4,"[1, 7, 4, 5, 2]",91.06145251396647,0.9105980669396025,91.62011173184358,0.9174822098631898,False,179,92.73743016759776,0.9281664173652904,163,"[86.0,94.4]",164,"[86.6,94.9]"
probe,resnet50,g32_t5,frozen,masked,max,mlp,3904,87.85803237858032,1606,87.85743309920474,1.4501951390803818,0.8776787198909212,"[88.81987577639751, 85.98130841121495, 86.6043613707165, 89.09657320872275, 88.78504672897196]",6,"[5, 8, 6, 8, 3]",90.5027932960894,0.9061636273508382,94.41340782122904,0.9441468063402179,False,179,92.17877094972067,0.9221685571205536,162,"[85.3,94.0]",169,"[90.0,96.9]"
probe,resnet50,g32_t5,frozen,masked,avg+max,linear,7808,88.16936488169364,1606,88.16973355778718,1.298690440146414,0.8801789622077537,"[87.5776397515528, 90.34267912772586, 86.91588785046729, 88.1619937694704, 87.85046728971963]",4,"[1, 5, 4, 5, 1]",89.94413407821229,0.9004017949143256,89.94413407821229,0.8994416144200627,False,179,87.70949720670392,0.8776679204542892,161,"[84.7,93.5]",161,"[84.7,93.5]"
probe,resnet50,g32_t5,frozen,masked,avg+max,mlp,7808,88.16936488169364,1606,88.16934656837135,1.0565656229010956,0.8804639436642836,"[88.19875776397515, 87.53894080996885, 88.47352024922118, 89.7196261682243, 86.91588785046729]",5,"[5, 8, 3, 8, 1]",92.17877094972067,0.9220897051005411,90.5027932960894,0.9054301318398442,False,179,91.62011173184358,0.9173177984289204,165,"[87.3,95.3]",162,"[85.3,94.0]"
probe,resnet50,g32_t5,frozen,nomask,avg,linear,3904,84.37110834371109,1606,84.37085195719897,0.8121188651030128,0.8424575789173911,"[84.78260869565217, 85.35825545171339, 84.11214953271028, 84.42367601246106, 83.17757009345794]",6,"[9, 6, 3, 7, 3]",87.70949720670392,0.878421520182111,88.26815642458101,0.8835236513960423,False,179,87.15083798882681,0.8714711718254127,157,"[82.1,91.7]",158,"[82.7,92.2]"
probe,resnet50,g32_t5,frozen,nomask,avg,mlp,3904,84.93150684931507,1606,84.93005166308701,1.7560358474153002,0.8483146169370428,"[87.26708074534162, 82.55451713395638, 85.66978193146417, 84.11214953271028, 85.04672897196261]",5,"[5, 6, 3, 7, 3]",89.3854748603352,0.8947399788582846,88.8268156424581,0.8884861546499477,False,179,88.8268156424581,0.8884496236502903,160,"[84.0,93.1]",159,"[83.4,92.6]"
probe,resnet50,g32_t5,frozen,nomask,max,linear,3904,84.30884184308842,1606,84.3083531665409,1.0784093867825966,0.8421114774614317,"[85.09316770186336, 82.86604361370716, 84.73520249221184, 85.35825545171339, 83.48909657320873]",5,"[6, 9, 5, 5, 3]",87.15083798882681,0.8722551010800704,87.15083798882681,0.8719966360298025,False,179,90.5027932960894,0.9056664401638821,156,"[81.5,91.3]",156,"[81.5,91.3]"
probe,resnet50,g32_t5,frozen,nomask,max,mlp,3904,85.67870485678705,1606,85.67674774094928,2.1371149309154185,0.8561310863869617,"[88.81987577639751, 82.86604361370716, 85.98130841121495, 85.04672897196261, 85.66978193146417]",5,"[5, 8, 6, 4, 3]",88.8268156424581,0.8896995761360422,88.26815642458101,0.883785726066775,False,179,87.15083798882681,0.8718829923273658,159,"[83.4,92.6]",158,"[82.7,92.2]"
probe,resnet50,g32_t5,frozen,nomask,avg+max,linear,7808,85.7409713574097,1606,85.73982701573112,2.079619153964085,0.8562585422519928,"[87.5776397515528, 85.66978193146417, 86.91588785046729, 86.29283489096574, 82.2429906542056]",4,"[2, 6, 5, 4, 2]",89.94413407821229,0.9000591277944548,88.26815642458101,0.8841512660934011,False,179,89.94413407821229,0.90011218617671,161,"[84.7,93.5]",158,"[82.7,92.2]"
probe,resnet50,g32_t5,frozen,nomask,avg+max,mlp,7808,85.42963885429639,1606,85.42849403068826,1.5598892436344078,0.8530056806846108,"[87.26708074534162, 83.17757009345794, 86.29283489096574, 85.66978193146417, 84.73520249221184]",3,"[9, 15, 3, 3, 3]",87.15083798882681,0.8728348042626433,88.8268156424581,0.8883885438233264,True,179,90.5027932960894,0.9051004281620919,156,"[81.5,91.3]",159,"[83.4,92.6]"
probe,supvit_b16,g32_t5,frozen,masked,avg,linear,3840,86.73723536737235,1606,86.73671175093361,0.8511332724945926,0.8662415006061239,"[87.5776397515528, 87.22741433021807, 86.6043613707165, 85.35825545171339, 86.91588785046729]",3,"[7, 3, 1, 11, 1]",89.94413407821229,0.9006786168304919,91.06145251396647,0.9108819068439293,True,179,89.94413407821229,0.9001016932946249,161,"[84.7,93.5]",163,"[86.0,94.4]"
probe,supvit_b16,g32_t5,frozen,masked,avg,mlp,3840,87.42216687422167,1606,87.42303747992491,1.932531047120101,0.8734816354513623,"[86.0248447204969, 85.35825545171339, 87.53894080996885, 87.85046728971963, 90.34267912772586]",8,"[10, 8, 3, 8, 5]",92.17877094972067,0.9225157110375316,91.06145251396647,0.9119108875493284,False,179,91.06145251396647,0.9114563185041908,165,"[87.3,95.3]",163,"[86.0,94.4]"
probe,supvit_b16,g32_t5,frozen,masked,max,linear,3840,87.04856787048568,1606,87.04978618834775,1.4386799322780615,0.869962668494509,"[85.09316770186336, 86.6043613707165, 89.09657320872275, 87.22741433021807, 87.22741433021807]",8,"[10, 8, 7, 20, 2]",89.3854748603352,0.8957711996159178,91.06145251396647,0.9110416614278171,False,179,91.62011173184358,0.9166556126939422,160,"[84.0,93.1]",163,"[86.0,94.4]"
probe,supvit_b16,g32_t5,frozen,masked,max,mlp,3840,87.23536737235368,1606,87.23592809736654,1.3861621094066507,0.8718424498969606,"[86.33540372670807, 85.35825545171339, 88.78504672897196, 87.53894080996885, 88.1619937694704]",10,"[15, 10, 3, 20, 3]",91.06145251396647,0.9120123191164708,91.06145251396647,0.9122613079691393,False,179,92.17877094972067,0.9225986665536627,163,"[86.0,94.4]",163,"[86.0,94.4]"
probe,supvit_b16,g32_t5,frozen,masked,avg+max,linear,7680,88.04483188044831,1606,88.04570345001065,1.648337908844264,0.8799245913047413,"[86.64596273291926, 86.6043613707165, 88.1619937694704, 88.1619937694704, 90.65420560747664]",8,"[10, 6, 8, 20, 5]",90.5027932960894,0.9059329710144928,90.5027932960894,0.9059329710144928,False,179,89.94413407821229,0.900599175425879,162,"[85.3,94.0]",162,"[85.3,94.0]"
probe,supvit_b16,g32_t5,frozen,masked,avg+max,mlp,7680,88.04483188044831,1606,88.04454248176312,1.3356850129874747,0.8805350550317398,"[88.50931677018633, 85.98130841121495, 87.53894080996885, 88.78504672897196, 89.40809968847351]",8,"[6, 15, 8, 8, 3]",91.06145251396647,0.9113292303338993,90.5027932960894,0.9063451704946748,False,179,89.3854748603352,0.8954090802459933,163,"[86.0,94.4]",162,"[85.3,94.0]"
probe,supvit_b16,g32_t5,frozen,nomask,avg,linear,3840,85.11830635118307,1606,85.11754803506123,1.7052585527110244,0.8504791182733022,"[86.33540372670807, 84.73520249221184, 84.42367601246106, 82.86604361370716, 87.22741433021807]",4,"[6, 3, 4, 5, 4]",89.94413407821229,0.8997253108028909,90.5027932960894,0.9060372082607759,False,179,86.59217877094973,0.8659815522062333,161,"[84.7,93.5]",162,"[85.3,94.0]"
probe,supvit_b16,g32_t5,frozen,nomask,avg,mlp,3840,85.99003735990037,1606,85.98866121011591,1.6751850574550355,0.8591835319325363,"[88.19875776397515, 85.98130841121495, 86.29283489096574, 83.48909657320873, 85.98130841121495]",5,"[5, 19, 3, 7, 4]",91.06145251396647,0.9109759417269766,89.3854748603352,0.8944813401967092,False,179,89.94413407821229,0.8996835243070183,163,"[86.0,94.4]",160,"[84.0,93.1]"
probe,supvit_b16,g32_t5,frozen,nomask,max,linear,3840,84.62017434620175,1606,84.62084711983127,1.2464619855265726,0.8457421138818384,"[83.54037267080744, 83.17757009345794, 84.73520249221184, 85.98130841121495, 85.66978193146417]",5,"[5, 5, 5, 10, 1]",88.8268156424581,0.8890143697032241,89.3854748603352,0.8943304934125775,False,179,89.94413407821229,0.9002316363236262,159,"[83.4,92.6]",160,"[84.0,93.1]"
probe,supvit_b16,g32_t5,frozen,nomask,max,mlp,3840,85.67870485678705,1606,85.67887618273639,1.6016000086930815,0.8562567510851494,"[85.40372670807453, 84.42367601246106, 85.04672897196261, 85.04672897196261, 88.47352024922118]",5,"[4, 12, 1, 7, 5]",90.5027932960894,0.9054520358868184,88.26815642458101,0.8836429487169084,False,179,91.62011173184358,0.9168353362850516,162,"[85.3,94.0]",158,"[82.7,92.2]"
probe,supvit_b16,g32_t5,frozen,nomask,avg+max,linear,7680,85.42963885429639,1606,85.4288810201041,1.7884250165926712,0.8538233893381424,"[86.64596273291926, 83.17757009345794, 85.66978193146417, 84.11214953271028, 87.53894080996885]",4,"[2, 3, 4, 4, 4]",92.73743016759776,0.9280653038717555,91.06145251396647,0.911693974088232,False,179,89.94413407821229,0.900936443338029,166,"[88.0,95.7]",163,"[86.0,94.4]"
probe,supvit_b16,g32_t5,frozen,nomask,avg+max,mlp,7680,86.73723536737235,1606,86.73690524564152,1.2996706232997102,0.8670165345251395,"[87.26708074534162, 86.91588785046729, 85.04672897196261, 85.98130841121495, 88.47352024922118]",7,"[7, 10, 1, 12, 3]",92.17877094972067,0.9219908227972744,91.62011173184358,0.9176008479472335,False,179,88.8268156424581,0.8891976801604338,165,"[87.3,95.3]",164,"[86.6,94.9]"
