filename,category,category_id,split
CNT-Matrix-0074.tif,Matrix,2,train
CNT-Matrix-0426.tif,Matrix,2,train
CNT-Matrix-0299.tif,Matrix,2,train
CNT-Cluster-0377.tif,Cluster,1,train
CNT-MatrixSurface-0215.tif,MatrixSurface,3,train
CNT-Cluster-0206.tif,Cluster,1,train
CNT-Cluster-0245.tif,Cluster,1,train
CNT-MatrixSurface-0380.tif,MatrixSurface,3,train
CNT-Fiber-0317.tif,Fiber,0,train
CNT-Cluster-0282.tif,Cluster,1,train
CNT-MatrixSurface-0305.tif,MatrixSurface,3,train
CNT-MatrixSurface-0069.tif,MatrixSurface,3,train
CNT-Cluster-0077.tif,Cluster,1,train
CNT-Fiber-0326.tif,Fiber,0,train
CNT-Fiber-0350.tif,Fiber,0,train
CNT-MatrixSurface-0021.tif,MatrixSurface,3,train
CNT-MatrixSurface-0148.tif,MatrixSurface,3,train
CNT-Cluster-0187.tif,Cluster,1,train
CNT-Cluster-0058.tif,Cluster,1,train
CNT-Matrix-0195.tif,Matrix,2,train
CNT-Fiber-0258.tif,Fiber,0,train
CNT-Matrix-0432.tif,Matrix,2,train
CNT-Cluster-0134.tif,Cluster,1,train
CNT-Cluster-0398.tif,Cluster,1,train
CNT-Matrix-0182.tif,Matrix,2,train
CNT-Fiber-0169.tif,Fiber,0,train
CNT-Matrix-0267.tif,Matrix,2,train
CNT-Cluster-0439.tif,Cluster,1,train
CNT-MatrixSurface-0099.tif,MatrixSurface,3,train
CNT-Matrix-0221.tif,Matrix,2,train
CNT-Matrix-0392.tif,Matrix,2,train
CNT-Fiber-0233.tif,Fiber,0,train
CNT-Cluster-0256.tif,Cluster,1,train
CNT-Fiber-0318.tif,Fiber,0,train
CNT-MatrixSurface-0452.tif,MatrixSurface,3,train
CNT-Matrix-0402.tif,Matrix,2,train
CNT-Fiber-0332.tif,Fiber,0,train
CNT-Fiber-0161.tif,Fiber,0,train
CNT-MatrixSurface-0104.tif,MatrixSurface,3,train
CNT-MatrixSurface-0139.tif,MatrixSurface,3,train
CNT-MatrixSurface-0302.tif,MatrixSurface,3,train
CNT-Fiber-0419.tif,Fiber,0,train
CNT-MatrixSurface-0210.tif,MatrixSurface,3,train
CNT-Matrix-0371.tif,Matrix,2,train
CNT-Fiber-0230.tif,Fiber,0,train
CNT-Fiber-0277.tif,Fiber,0,train
CNT-Matrix-0133.tif,Matrix,2,train
CNT-Matrix-0050.tif,Matrix,2,train
CNT-Cluster-0223.tif,Cluster,1,train
CNT-MatrixSurface-0398.tif,MatrixSurface,3,train
CNT-MatrixSurface-0268.tif,MatrixSurface,3,train
CNT-MatrixSurface-0365.tif,MatrixSurface,3,train
CNT-MatrixSurface-0067.tif,MatrixSurface,3,train
CNT-MatrixSurface-0185.tif,MatrixSurface,3,train
CNT-MatrixSurface-0068.tif,MatrixSurface,3,train
CNT-Fiber-0159.tif,Fiber,0,train
CNT-Matrix-0099.tif,Matrix,2,train
CNT-Cluster-0362.tif,Cluster,1,train
CNT-Fiber-0028.tif,Fiber,0,train
CNT-Cluster-0067.tif,Cluster,1,train
CNT-Fiber-0082.tif,Fiber,0,train
CNT-MatrixSurface-0054.tif,MatrixSurface,3,train
CNT-MatrixSurface-0408.tif,MatrixSurface,3,train
CNT-Fiber-0304.tif,Fiber,0,train
CNT-Fiber-0449.tif,Fiber,0,train
CNT-MatrixSurface-0136.tif,MatrixSurface,3,train
CNT-Matrix-0374.tif,Matrix,2,train
CNT-MatrixSurface-0060.tif,MatrixSurface,3,train
CNT-Fiber-0202.tif,Fiber,0,train
CNT-Cluster-0104.tif,Cluster,1,train
CNT-MatrixSurface-0219.tif,MatrixSurface,3,train
CNT-Fiber-0124.tif,Fiber,0,train
CNT-Cluster-0020.tif,Cluster,1,train
CNT-Cluster-0240.tif,Cluster,1,train
CNT-Fiber-0266.tif,Fiber,0,train
CNT-Fiber-0237.tif,Fiber,0,train
CNT-MatrixSurface-0145.tif,MatrixSurface,3,train
CNT-MatrixSurface-0277.tif,MatrixSurface,3,train
CNT-Matrix-0207.tif,Matrix,2,train
CNT-Cluster-0059.tif,Cluster,1,train
CNT-Matrix-0300.tif,Matrix,2,train
CNT-Fiber-0143.tif,Fiber,0,train
CNT-Fiber-0426.tif,Fiber,0,train
CNT-Cluster-0454.tif,Cluster,1,train
CNT-Fiber-0324.tif,Fiber,0,train
CNT-Fiber-0356.tif,Fiber,0,train
CNT-Cluster-0441.tif,Cluster,1,train
CNT-Cluster-0319.tif,Cluster,1,train
CNT-Matrix-0033.tif,Matrix,2,train
CNT-Fiber-0011.tif,Fiber,0,train
CNT-Matrix-0126.tif,Matrix,2,train
CNT-Fiber-0001.tif,Fiber,0,train
CNT-Fiber-0446.tif,Fiber,0,train
CNT-Fiber-0365.tif,Fiber,0,train
CNT-MatrixSurface-0023.tif,MatrixSurface,3,train
CNT-Fiber-0078.tif,Fiber,0,train
CNT-Fiber-0037.tif,Fiber,0,train
CNT-MatrixSurface-0409.tif,MatrixSurface,3,train
CNT-MatrixSurface-0204.tif,MatrixSurface,3,train
CNT-Fiber-0264.tif,Fiber,0,train
CNT-Fiber-0379.tif,Fiber,0,train
CNT-Fiber-0179.tif,Fiber,0,train
CNT-Cluster-0167.tif,Cluster,1,train
CNT-Cluster-0459.tif,Cluster,1,train
CNT-Cluster-0019.tif,Cluster,1,train
CNT-Cluster-0436.tif,Cluster,1,train
CNT-Cluster-0232.tif,Cluster,1,train
CNT-MatrixSurface-0120.tif,MatrixSurface,3,train
CNT-Matrix-0215.tif,Matrix,2,train
CNT-MatrixSurface-0010.tif,MatrixSurface,3,train
CNT-Fiber-0370.tif,Fiber,0,train
CNT-Fiber-0107.tif,Fiber,0,train
CNT-Matrix-0138.tif,Matrix,2,train
CNT-Cluster-0126.tif,Cluster,1,train
CNT-Fiber-0243.tif,Fiber,0,train
CNT-Fiber-0256.tif,Fiber,0,train
CNT-MatrixSurface-0350.tif,MatrixSurface,3,train
CNT-Cluster-0144.tif,Cluster,1,train
CNT-MatrixSurface-0220.tif,MatrixSurface,3,train
CNT-Cluster-0119.tif,Cluster,1,train
CNT-Fiber-0444.tif,Fiber,0,train
CNT-Cluster-0243.tif,Cluster,1,train
CNT-Matrix-0131.tif,Matrix,2,train
CNT-Matrix-0270.tif,Matrix,2,train
CNT-Fiber-0088.tif,Fiber,0,train
CNT-Matrix-0003.tif,Matrix,2,train
CNT-Fiber-0313.tif,Fiber,0,train
CNT-MatrixSurface-0240.tif,MatrixSurface,3,train
CNT-Cluster-0148.tif,Cluster,1,train
CNT-Cluster-0032.tif,Cluster,1,train
CNT-Cluster-0228.tif,Cluster,1,train
CNT-Matrix-0206.tif,Matrix,2,train
CNT-Cluster-0419.tif,Cluster,1,train
CNT-MatrixSurface-0454.tif,MatrixSurface,3,train
CNT-Matrix-0358.tif,Matrix,2,train
CNT-Matrix-0149.tif,Matrix,2,train
CNT-Fiber-0413.tif,Fiber,0,train
CNT-Cluster-0386.tif,Cluster,1,train
CNT-MatrixSurface-0007.tif,MatrixSurface,3,train
CNT-Fiber-0395.tif,Fiber,0,train
CNT-Fiber-0223.tif,Fiber,0,train
CNT-Fiber-0441.tif,Fiber,0,train
CNT-Fiber-0261.tif,Fiber,0,train
CNT-Matrix-0229.tif,Matrix,2,train
CNT-Fiber-0102.tif,Fiber,0,train
CNT-MatrixSurface-0201.tif,MatrixSurface,3,train
CNT-MatrixSurface-0411.tif,MatrixSurface,3,train
CNT-Matrix-0007.tif,Matrix,2,train
CNT-Matrix-0011.tif,Matrix,2,train
CNT-Matrix-0034.tif,Matrix,2,train
CNT-Cluster-0424.tif,Cluster,1,train
CNT-Fiber-0228.tif,Fiber,0,train
CNT-Matrix-0243.tif,Matrix,2,train
CNT-Fiber-0417.tif,Fiber,0,train
CNT-Matrix-0258.tif,Matrix,2,train
CNT-Cluster-0201.tif,Cluster,1,train
CNT-Fiber-0272.tif,Fiber,0,train
CNT-Matrix-0291.tif,Matrix,2,train
CNT-Matrix-0430.tif,Matrix,2,train
CNT-Fiber-0340.tif,Fiber,0,train
CNT-Matrix-0046.tif,Matrix,2,train
CNT-Matrix-0120.tif,Matrix,2,train
CNT-MatrixSurface-1273.tif,MatrixSurface,3,train
CNT-MatrixSurface-0371.tif,MatrixSurface,3,train
CNT-MatrixSurface-0216.tif,MatrixSurface,3,train
CNT-Matrix-0183.tif,Matrix,2,train
CNT-Matrix-0177.tif,Matrix,2,train
CNT-Fiber-0141.tif,Fiber,0,train
CNT-Matrix-0123.tif,Matrix,2,train
CNT-Cluster-0009.tif,Cluster,1,train
CNT-MatrixSurface-0128.tif,MatrixSurface,3,train
CNT-Fiber-0428.tif,Fiber,0,train
CNT-Fiber-0095.tif,Fiber,0,train
CNT-Cluster-0120.tif,Cluster,1,train
CNT-MatrixSurface-0031.tif,MatrixSurface,3,train
CNT-Cluster-0081.tif,Cluster,1,train
CNT-Cluster-0006.tif,Cluster,1,train
CNT-Cluster-0266.tif,Cluster,1,train
CNT-MatrixSurface-0316.tif,MatrixSurface,3,train
CNT-Cluster-0046.tif,Cluster,1,train
CNT-Cluster-0096.tif,Cluster,1,train
CNT-Fiber-0451.tif,Fiber,0,train
CNT-MatrixSurface-0374.tif,MatrixSurface,3,train
CNT-Fiber-0287.tif,Fiber,0,train
CNT-Fiber-0072.tif,Fiber,0,train
CNT-Fiber-0024.tif,Fiber,0,train
CNT-Cluster-0174.tif,Cluster,1,train
CNT-MatrixSurface-0346.tif,MatrixSurface,3,train
CNT-Cluster-0393.tif,Cluster,1,train
CNT-Fiber-0386.tif,Fiber,0,train
CNT-MatrixSurface-0342.tif,MatrixSurface,3,train
CNT-Fiber-0129.tif,Fiber,0,train
CNT-Fiber-0115.tif,Fiber,0,train
CNT-Matrix-0042.tif,Matrix,2,train
CNT-Matrix-0082.tif,Matrix,2,train
CNT-Fiber-0321.tif,Fiber,0,train
CNT-Cluster-0371.tif,Cluster,1,train
CNT-Matrix-0280.tif,Matrix,2,train
CNT-Cluster-0192.tif,Cluster,1,train
CNT-Fiber-0077.tif,Fiber,0,train
CNT-Fiber-0133.tif,Fiber,0,train
CNT-Matrix-0076.tif,Matrix,2,train
CNT-Fiber-0032.tif,Fiber,0,train
CNT-Matrix-0220.tif,Matrix,2,train
CNT-Fiber-0101.tif,Fiber,0,train
CNT-MatrixSurface-0123.tif,MatrixSurface,3,train
CNT-Matrix-0088.tif,Matrix,2,train
CNT-MatrixSurface-0033.tif,MatrixSurface,3,train
CNT-Fiber-0455.tif,Fiber,0,train
CNT-MatrixSurface-0326.tif,MatrixSurface,3,train
CNT-MatrixSurface-0343.tif,MatrixSurface,3,train
CNT-Fiber-0108.tif,Fiber,0,train
CNT-Matrix-0377.tif,Matrix,2,train
CNT-MatrixSurface-0337.tif,MatrixSurface,3,train
CNT-MatrixSurface-0157.tif,MatrixSurface,3,train
CNT-MatrixSurface-0427.tif,MatrixSurface,3,train
CNT-Cluster-0740.tif,Cluster,1,train
CNT-Fiber-0009.tif,Fiber,0,train
CNT-Matrix-0386.tif,Matrix,2,train
CNT-Fiber-0039.tif,Fiber,0,train
CNT-Cluster-0090.tif,Cluster,1,train
CNT-Fiber-0431.tif,Fiber,0,train
CNT-Fiber-0382.tif,Fiber,0,train
CNT-Matrix-0134.tif,Matrix,2,train
CNT-Fiber-0096.tif,Fiber,0,train
CNT-Fiber-0043.tif,Fiber,0,train
CNT-Fiber-0244.tif,Fiber,0,train
CNT-Fiber-0383.tif,Fiber,0,train
CNT-Matrix-0175.tif,Matrix,2,train
CNT-Matrix-0309.tif,Matrix,2,train
CNT-Cluster-0443.tif,Cluster,1,train
CNT-Fiber-0086.tif,Fiber,0,train
CNT-Fiber-0387.tif,Fiber,0,train
CNT-Cluster-0399.tif,Cluster,1,train
CNT-MatrixSurface-0034.tif,MatrixSurface,3,train
CNT-Fiber-0184.tif,Fiber,0,train
CNT-Matrix-0366.tif,Matrix,2,train
CNT-MatrixSurface-0009.tif,MatrixSurface,3,train
CNT-Cluster-0172.tif,Cluster,1,train
CNT-Fiber-0327.tif,Fiber,0,train
CNT-Cluster-0072.tif,Cluster,1,train
CNT-Fiber-0320.tif,Fiber,0,train
CNT-Fiber-0105.tif,Fiber,0,train
CNT-Matrix-0226.tif,Matrix,2,train
CNT-Matrix-0296.tif,Matrix,2,train
CNT-MatrixSurface-0224.tif,MatrixSurface,3,train
CNT-MatrixSurface-0187.tif,MatrixSurface,3,train
CNT-MatrixSurface-0169.tif,MatrixSurface,3,train
CNT-Matrix-0355.tif,Matrix,2,train
CNT-Fiber-0142.tif,Fiber,0,train
CNT-Matrix-0111.tif,Matrix,2,train
CNT-MatrixSurface-0244.tif,MatrixSurface,3,train
CNT-Fiber-0335.tif,Fiber,0,train
CNT-Cluster-0141.tif,Cluster,1,train
CNT-Matrix-0039.tif,Matrix,2,train
CNT-MatrixSurface-0146.tif,MatrixSurface,3,train
CNT-Cluster-0221.tif,Cluster,1,train
CNT-Matrix-0015.tif,Matrix,2,train
CNT-Cluster-0751.tif,Cluster,1,train
CNT-Matrix-0354.tif,Matrix,2,train
CNT-Cluster-0755.tif,Cluster,1,train
CNT-MatrixSurface-0151.tif,MatrixSurface,3,train
CNT-Cluster-0124.tif,Cluster,1,train
CNT-Matrix-0200.tif,Matrix,2,train
CNT-Fiber-0218.tif,Fiber,0,train
CNT-MatrixSurface-0436.tif,MatrixSurface,3,train
CNT-MatrixSurface-0264.tif,MatrixSurface,3,train
CNT-Cluster-0099.tif,Cluster,1,train
CNT-Cluster-0073.tif,Cluster,1,train
CNT-MatrixSurface-0019.tif,MatrixSurface,3,train
CNT-Matrix-0116.tif,Matrix,2,train
CNT-Matrix-0401.tif,Matrix,2,train
CNT-Fiber-0305.tif,Fiber,0,train
CNT-Cluster-0056.tif,Cluster,1,train
CNT-Matrix-0324.tif,Matrix,2,train
CNT-MatrixSurface-0297.tif,MatrixSurface,3,train
CNT-MatrixSurface-1261.tif,MatrixSurface,3,train
CNT-Matrix-0167.tif,Matrix,2,train
CNT-Fiber-0461.tif,Fiber,0,train
CNT-MatrixSurface-0134.tif,MatrixSurface,3,train
CNT-MatrixSurface-0303.tif,MatrixSurface,3,train
CNT-Cluster-0195.tif,Cluster,1,train
CNT-Matrix-0288.tif,Matrix,2,train
CNT-Cluster-0359.tif,Cluster,1,train
CNT-Fiber-0155.tif,Fiber,0,train
CNT-Cluster-0064.tif,Cluster,1,train
CNT-Matrix-0286.tif,Matrix,2,train
CNT-Cluster-0324.tif,Cluster,1,train
CNT-Fiber-0147.tif,Fiber,0,train
CNT-MatrixSurface-0320.tif,MatrixSurface,3,train
CNT-Matrix-0436.tif,Matrix,2,train
CNT-Matrix-0062.tif,Matrix,2,train
CNT-Cluster-0166.tif,Cluster,1,train
CNT-Fiber-0174.tif,Fiber,0,train
CNT-Cluster-0342.tif,Cluster,1,train
CNT-Fiber-0070.tif,Fiber,0,train
CNT-Cluster-0042.tif,Cluster,1,train
CNT-Matrix-0424.tif,Matrix,2,train
CNT-Fiber-0459.tif,Fiber,0,train
CNT-Matrix-0356.tif,Matrix,2,train
CNT-Matrix-0187.tif,Matrix,2,train
CNT-Fiber-0259.tif,Fiber,0,train
CNT-MatrixSurface-0144.tif,MatrixSurface,3,train
CNT-MatrixSurface-1260.tif,MatrixSurface,3,train
CNT-Matrix-0225.tif,Matrix,2,train
CNT-Fiber-0158.tif,Fiber,0,train
CNT-Cluster-0411.tif,Cluster,1,train
CNT-Cluster-0050.tif,Cluster,1,train
CNT-Cluster-0735.tif,Cluster,1,train
CNT-Cluster-0003.tif,Cluster,1,train
CNT-Fiber-0450.tif,Fiber,0,train
CNT-MatrixSurface-0439.tif,MatrixSurface,3,train
CNT-Matrix-0122.tif,Matrix,2,train
CNT-Cluster-0331.tif,Cluster,1,train
CNT-Matrix-0125.tif,Matrix,2,train
CNT-Cluster-0308.tif,Cluster,1,train
CNT-Fiber-0250.tif,Fiber,0,train
CNT-Fiber-0134.tif,Fiber,0,train
CNT-MatrixSurface-1281.tif,MatrixSurface,3,train
CNT-Fiber-0104.tif,Fiber,0,train
CNT-Cluster-0025.tif,Cluster,1,train
CNT-Fiber-0253.tif,Fiber,0,train
CNT-MatrixSurface-0203.tif,MatrixSurface,3,train
CNT-Cluster-0434.tif,Cluster,1,train
CNT-Matrix-0383.tif,Matrix,2,train
CNT-Cluster-0257.tif,Cluster,1,train
CNT-Matrix-0316.tif,Matrix,2,train
CNT-Matrix-0049.tif,Matrix,2,train
CNT-Matrix-0066.tif,Matrix,2,train
CNT-MatrixSurface-0388.tif,MatrixSurface,3,train
CNT-Matrix-0113.tif,Matrix,2,train
CNT-Cluster-0079.tif,Cluster,1,train
CNT-Fiber-0219.tif,Fiber,0,train
CNT-MatrixSurface-0361.tif,MatrixSurface,3,train
CNT-Matrix-0341.tif,Matrix,2,train
CNT-Fiber-0278.tif,Fiber,0,train
CNT-Cluster-0125.tif,Cluster,1,train
CNT-Matrix-0256.tif,Matrix,2,train
CNT-Matrix-0317.tif,Matrix,2,train
CNT-Cluster-0310.tif,Cluster,1,train
CNT-Matrix-0448.tif,Matrix,2,train
CNT-Cluster-0354.tif,Cluster,1,train
CNT-Matrix-0021.tif,Matrix,2,train
CNT-MatrixSurface-0360.tif,MatrixSurface,3,train
CNT-Fiber-0205.tif,Fiber,0,train
CNT-Fiber-0390.tif,Fiber,0,train
CNT-MatrixSurface-0304.tif,MatrixSurface,3,train
CNT-Matrix-0446.tif,Matrix,2,train
CNT-Matrix-0394.tif,Matrix,2,train
CNT-Fiber-0331.tif,Fiber,0,train
CNT-MatrixSurface-0179.tif,MatrixSurface,3,train
CNT-Cluster-0303.tif,Cluster,1,train
CNT-Fiber-0012.tif,Fiber,0,train
CNT-Matrix-0295.tif,Matrix,2,train
CNT-MatrixSurface-0460.tif,MatrixSurface,3,train
CNT-Cluster-0062.tif,Cluster,1,train
CNT-Fiber-0194.tif,Fiber,0,train
CNT-Fiber-0267.tif,Fiber,0,train
CNT-Fiber-0367.tif,Fiber,0,train
CNT-Matrix-0162.tif,Matrix,2,train
CNT-MatrixSurface-0331.tif,MatrixSurface,3,train
CNT-Fiber-0257.tif,Fiber,0,train
CNT-Fiber-0216.tif,Fiber,0,train
CNT-Fiber-0220.tif,Fiber,0,train
CNT-Matrix-0093.tif,Matrix,2,train
CNT-Cluster-0045.tif,Cluster,1,train
CNT-Matrix-0090.tif,Matrix,2,train
CNT-Cluster-0397.tif,Cluster,1,train
CNT-Cluster-0161.tif,Cluster,1,train
CNT-MatrixSurface-0152.tif,MatrixSurface,3,train
CNT-MatrixSurface-0138.tif,MatrixSurface,3,train
CNT-Fiber-0392.tif,Fiber,0,train
CNT-Cluster-0130.tif,Cluster,1,train
CNT-Fiber-0149.tif,Fiber,0,train
CNT-Matrix-0253.tif,Matrix,2,train
CNT-MatrixSurface-0377.tif,MatrixSurface,3,train
CNT-Matrix-0342.tif,Matrix,2,train
CNT-Fiber-0355.tif,Fiber,0,train
CNT-Matrix-0025.tif,Matrix,2,train
CNT-Fiber-0166.tif,Fiber,0,train
CNT-Matrix-0387.tif,Matrix,2,train
CNT-Cluster-0754.tif,Cluster,1,train
CNT-Matrix-0418.tif,Matrix,2,train
CNT-MatrixSurface-0039.tif,MatrixSurface,3,train
CNT-MatrixSurface-0289.tif,MatrixSurface,3,train
CNT-Cluster-0734.tif,Cluster,1,train
CNT-Fiber-0368.tif,Fiber,0,train
CNT-Cluster-0730.tif,Cluster,1,train
CNT-Fiber-0106.tif,Fiber,0,train
CNT-MatrixSurface-1270.tif,MatrixSurface,3,train
CNT-MatrixSurface-0421.tif,MatrixSurface,3,train
CNT-Fiber-0397.tif,Fiber,0,train
CNT-MatrixSurface-0418.tif,MatrixSurface,3,train
CNT-Cluster-0752.tif,Cluster,1,train
CNT-MatrixSurface-0197.tif,MatrixSurface,3,train
CNT-Cluster-0175.tif,Cluster,1,train
CNT-Cluster-0196.tif,Cluster,1,train
CNT-Cluster-0322.tif,Cluster,1,train
CNT-Cluster-0242.tif,Cluster,1,train
CNT-MatrixSurface-0125.tif,MatrixSurface,3,train
CNT-Cluster-0414.tif,Cluster,1,train
CNT-Cluster-0731.tif,Cluster,1,train
CNT-MatrixSurface-0391.tif,MatrixSurface,3,train
CNT-MatrixSurface-0127.tif,MatrixSurface,3,train
CNT-Fiber-0432.tif,Fiber,0,train
CNT-Matrix-0322.tif,Matrix,2,train
CNT-Fiber-0132.tif,Fiber,0,train
CNT-MatrixSurface-0364.tif,MatrixSurface,3,train
CNT-Fiber-0410.tif,Fiber,0,train
CNT-Cluster-0409.tif,Cluster,1,train
CNT-MatrixSurface-0199.tif,MatrixSurface,3,train
CNT-MatrixSurface-0456.tif,MatrixSurface,3,train
CNT-MatrixSurface-0115.tif,MatrixSurface,3,train
CNT-Fiber-0122.tif,Fiber,0,train
CNT-MatrixSurface-0379.tif,MatrixSurface,3,train
CNT-Cluster-0208.tif,Cluster,1,train
CNT-Cluster-0246.tif,Cluster,1,train
CNT-Cluster-0255.tif,Cluster,1,train
CNT-Fiber-0400.tif,Fiber,0,train
CNT-Matrix-0121.tif,Matrix,2,train
CNT-Matrix-0410.tif,Matrix,2,train
CNT-MatrixSurface-0116.tif,MatrixSurface,3,train
CNT-Matrix-0110.tif,Matrix,2,train
CNT-MatrixSurface-0458.tif,MatrixSurface,3,train
CNT-MatrixSurface-0239.tif,MatrixSurface,3,train
CNT-Fiber-0121.tif,Fiber,0,train
CNT-Cluster-0291.tif,Cluster,1,train
CNT-Matrix-0311.tif,Matrix,2,train
CNT-Cluster-0216.tif,Cluster,1,train
CNT-Fiber-0200.tif,Fiber,0,train
CNT-Matrix-0142.tif,Matrix,2,train
CNT-MatrixSurface-0296.tif,MatrixSurface,3,train
CNT-Cluster-0380.tif,Cluster,1,train
CNT-Fiber-0406.tif,Fiber,0,train
CNT-Matrix-0455.tif,Matrix,2,train
CNT-Matrix-0321.tif,Matrix,2,train
CNT-Fiber-0145.tif,Fiber,0,train
CNT-Fiber-0381.tif,Fiber,0,train
CNT-MatrixSurface-0162.tif,MatrixSurface,3,train
CNT-MatrixSurface-0156.tif,MatrixSurface,3,train
CNT-MatrixSurface-0367.tif,MatrixSurface,3,train
CNT-Matrix-0441.tif,Matrix,2,train
CNT-Cluster-0087.tif,Cluster,1,train
CNT-Fiber-0109.tif,Fiber,0,train
CNT-MatrixSurface-0437.tif,MatrixSurface,3,train
CNT-Matrix-0404.tif,Matrix,2,train
CNT-Cluster-0453.tif,Cluster,1,train
CNT-Cluster-0309.tif,Cluster,1,train
CNT-Cluster-0274.tif,Cluster,1,train
CNT-Cluster-0378.tif,Cluster,1,train
CNT-Matrix-0361.tif,Matrix,2,train
CNT-MatrixSurface-0028.tif,MatrixSurface,3,train
CNT-Matrix-0106.tif,Matrix,2,train
CNT-Cluster-0403.tif,Cluster,1,train
CNT-Fiber-0040.tif,Fiber,0,train
CNT-Matrix-0184.tif,Matrix,2,train
CNT-MatrixSurface-0168.tif,MatrixSurface,3,train
CNT-Matrix-0416.tif,Matrix,2,train
CNT-Matrix-0447.tif,Matrix,2,train
CNT-MatrixSurface-0423.tif,MatrixSurface,3,train
CNT-Matrix-0165.tif,Matrix,2,train
CNT-Matrix-0396.tif,Matrix,2,train
CNT-Matrix-0277.tif,Matrix,2,train
CNT-Cluster-0285.tif,Cluster,1,train
CNT-Matrix-0043.tif,Matrix,2,train
CNT-MatrixSurface-0245.tif,MatrixSurface,3,train
CNT-MatrixSurface-0236.tif,MatrixSurface,3,train
CNT-Fiber-0140.tif,Fiber,0,train
CNT-Matrix-0372.tif,Matrix,2,train
CNT-MatrixSurface-0057.tif,MatrixSurface,3,train
CNT-MatrixSurface-0335.tif,MatrixSurface,3,train
CNT-MatrixSurface-0173.tif,MatrixSurface,3,train
CNT-Fiber-0341.tif,Fiber,0,train
CNT-Fiber-0093.tif,Fiber,0,train
CNT-Fiber-0201.tif,Fiber,0,train
CNT-Fiber-0178.tif,Fiber,0,train
CNT-MatrixSurface-0072.tif,MatrixSurface,3,train
CNT-MatrixSurface-0100.tif,MatrixSurface,3,train
CNT-Fiber-0097.tif,Fiber,0,train
CNT-Matrix-0173.tif,Matrix,2,train
CNT-MatrixSurface-0006.tif,MatrixSurface,3,train
CNT-MatrixSurface-0020.tif,MatrixSurface,3,train
CNT-Cluster-0317.tif,Cluster,1,train
CNT-MatrixSurface-0062.tif,MatrixSurface,3,train
CNT-Cluster-0416.tif,Cluster,1,train
CNT-MatrixSurface-0102.tif,MatrixSurface,3,train
CNT-Cluster-0311.tif,Cluster,1,train
CNT-Cluster-0082.tif,Cluster,1,train
CNT-Cluster-0368.tif,Cluster,1,train
CNT-Matrix-0246.tif,Matrix,2,train
CNT-Fiber-0412.tif,Fiber,0,train
CNT-Cluster-0458.tif,Cluster,1,train
CNT-Fiber-0310.tif,Fiber,0,train
CNT-Cluster-0132.tif,Cluster,1,train
CNT-Matrix-0114.tif,Matrix,2,train
CNT-Matrix-0032.tif,Matrix,2,train
CNT-Cluster-0129.tif,Cluster,1,train
CNT-Fiber-0199.tif,Fiber,0,train
CNT-Matrix-0031.tif,Matrix,2,train
CNT-MatrixSurface-0292.tif,MatrixSurface,3,train
CNT-Cluster-0407.tif,Cluster,1,train
CNT-MatrixSurface-1271.tif,MatrixSurface,3,train
CNT-Cluster-0367.tif,Cluster,1,train
CNT-Cluster-0024.tif,Cluster,1,train
CNT-Fiber-0209.tif,Fiber,0,train
CNT-MatrixSurface-0121.tif,MatrixSurface,3,train
CNT-Cluster-0076.tif,Cluster,1,train
CNT-Cluster-0030.tif,Cluster,1,train
CNT-Matrix-0211.tif,Matrix,2,train
CNT-Cluster-0340.tif,Cluster,1,train
CNT-Matrix-0304.tif,Matrix,2,train
CNT-Cluster-0287.tif,Cluster,1,train
CNT-Matrix-0269.tif,Matrix,2,train
CNT-MatrixSurface-0386.tif,MatrixSurface,3,train
CNT-MatrixSurface-0129.tif,MatrixSurface,3,train
CNT-Matrix-0265.tif,Matrix,2,train
CNT-Matrix-0201.tif,Matrix,2,train
CNT-Matrix-0251.tif,Matrix,2,train
CNT-Fiber-0414.tif,Fiber,0,train
CNT-Fiber-0454.tif,Fiber,0,train
CNT-MatrixSurface-0027.tif,MatrixSurface,3,train
CNT-Fiber-0053.tif,Fiber,0,train
CNT-Matrix-0278.tif,Matrix,2,train
CNT-Fiber-0328.tif,Fiber,0,train
CNT-Matrix-0217.tif,Matrix,2,train
CNT-MatrixSurface-0013.tif,MatrixSurface,3,train
CNT-Cluster-0018.tif,Cluster,1,train
CNT-MatrixSurface-0085.tif,MatrixSurface,3,train
CNT-Fiber-0348.tif,Fiber,0,train
CNT-MatrixSurface-0308.tif,MatrixSurface,3,train
CNT-Cluster-0369.tif,Cluster,1,train
CNT-MatrixSurface-0294.tif,MatrixSurface,3,train
CNT-MatrixSurface-0431.tif,MatrixSurface,3,train
CNT-Matrix-1709.tif,Matrix,2,train
CNT-Matrix-0315.tif,Matrix,2,train
CNT-Cluster-0249.tif,Cluster,1,train
CNT-MatrixSurface-0205.tif,MatrixSurface,3,train
CNT-MatrixSurface-0273.tif,MatrixSurface,3,train
CNT-Cluster-0375.tif,Cluster,1,train
CNT-Matrix-0337.tif,Matrix,2,train
CNT-Matrix-0360.tif,Matrix,2,train
CNT-MatrixSurface-1266.tif,MatrixSurface,3,train
CNT-MatrixSurface-0194.tif,MatrixSurface,3,train
CNT-Fiber-0308.tif,Fiber,0,train
CNT-Fiber-0004.tif,Fiber,0,train
CNT-Matrix-0146.tif,Matrix,2,train
CNT-Matrix-0350.tif,Matrix,2,train
CNT-Fiber-0224.tif,Fiber,0,train
CNT-MatrixSurface-1275.tif,MatrixSurface,3,train
CNT-Cluster-0341.tif,Cluster,1,train
CNT-MatrixSurface-0091.tif,MatrixSurface,3,train
CNT-Fiber-0279.tif,Fiber,0,train
CNT-Matrix-0009.tif,Matrix,2,train
CNT-MatrixSurface-0107.tif,MatrixSurface,3,train
CNT-Matrix-0065.tif,Matrix,2,train
CNT-MatrixSurface-0358.tif,MatrixSurface,3,train
CNT-MatrixSurface-0080.tif,MatrixSurface,3,train
CNT-Matrix-0018.tif,Matrix,2,train
CNT-MatrixSurface-0278.tif,MatrixSurface,3,train
CNT-MatrixSurface-0117.tif,MatrixSurface,3,train
CNT-Cluster-0121.tif,Cluster,1,train
CNT-Cluster-0071.tif,Cluster,1,train
CNT-Cluster-0089.tif,Cluster,1,train
CNT-Fiber-0314.tif,Fiber,0,train
CNT-Fiber-0403.tif,Fiber,0,train
CNT-Fiber-0376.tif,Fiber,0,train
CNT-Fiber-0157.tif,Fiber,0,train
CNT-Cluster-0153.tif,Cluster,1,train
CNT-Cluster-0395.tif,Cluster,1,train
CNT-Fiber-0254.tif,Fiber,0,train
CNT-MatrixSurface-0319.tif,MatrixSurface,3,train
CNT-Cluster-0069.tif,Cluster,1,train
CNT-Matrix-0060.tif,Matrix,2,train
CNT-MatrixSurface-0126.tif,MatrixSurface,3,train
CNT-Matrix-0344.tif,Matrix,2,train
CNT-Fiber-0127.tif,Fiber,0,train
CNT-Matrix-0325.tif,Matrix,2,train
CNT-MatrixSurface-0434.tif,MatrixSurface,3,train
CNT-Fiber-0047.tif,Fiber,0,train
CNT-Fiber-0371.tif,Fiber,0,train
CNT-Cluster-0015.tif,Cluster,1,train
CNT-Cluster-0101.tif,Cluster,1,train
CNT-Cluster-0140.tif,Cluster,1,train
CNT-MatrixSurface-0403.tif,MatrixSurface,3,train
CNT-Fiber-0041.tif,Fiber,0,train
CNT-MatrixSurface-1264.tif,MatrixSurface,3,train
CNT-Cluster-0742.tif,Cluster,1,train
CNT-Fiber-0239.tif,Fiber,0,train
CNT-Fiber-0311.tif,Fiber,0,train
CNT-Matrix-0318.tif,Matrix,2,train
CNT-Matrix-0380.tif,Matrix,2,train
CNT-MatrixSurface-0433.tif,MatrixSurface,3,train
CNT-Fiber-0069.tif,Fiber,0,train
CNT-MatrixSurface-1278.tif,MatrixSurface,3,train
CNT-Matrix-0385.tif,Matrix,2,train
CNT-Matrix-0048.tif,Matrix,2,train
CNT-Matrix-0070.tif,Matrix,2,train
CNT-MatrixSurface-0369.tif,MatrixSurface,3,train
CNT-Cluster-0149.tif,Cluster,1,train
CNT-MatrixSurface-0363.tif,MatrixSurface,3,train
CNT-Fiber-0160.tif,Fiber,0,train
CNT-Matrix-0086.tif,Matrix,2,train
CNT-MatrixSurface-0354.tif,MatrixSurface,3,train
CNT-Matrix-0191.tif,Matrix,2,train
CNT-Cluster-0035.tif,Cluster,1,train
CNT-Matrix-0171.tif,Matrix,2,train
CNT-Matrix-0452.tif,Matrix,2,train
CNT-MatrixSurface-1263.tif,MatrixSurface,3,train
CNT-MatrixSurface-0417.tif,MatrixSurface,3,train
CNT-Cluster-0158.tif,Cluster,1,train
CNT-Fiber-0173.tif,Fiber,0,train
CNT-MatrixSurface-0393.tif,MatrixSurface,3,train
CNT-Fiber-0421.tif,Fiber,0,train
CNT-Matrix-0388.tif,Matrix,2,train
CNT-Fiber-0270.tif,Fiber,0,train
CNT-Cluster-0002.tif,Cluster,1,train
CNT-Fiber-0443.tif,Fiber,0,train
CNT-Fiber-0295.tif,Fiber,0,train
CNT-Cluster-0756.tif,Cluster,1,train
CNT-Fiber-0217.tif,Fiber,0,train
CNT-MatrixSurface-0188.tif,MatrixSurface,3,train
CNT-Matrix-0223.tif,Matrix,2,train
CNT-Matrix-0147.tif,Matrix,2,train
CNT-Cluster-0286.tif,Cluster,1,train
CNT-Fiber-0427.tif,Fiber,0,train
CNT-Cluster-0373.tif,Cluster,1,train
CNT-Fiber-0084.tif,Fiber,0,train
CNT-Fiber-0146.tif,Fiber,0,train
CNT-Matrix-0302.tif,Matrix,2,train
CNT-MatrixSurface-0430.tif,MatrixSurface,3,train
CNT-Cluster-0213.tif,Cluster,1,train
CNT-Cluster-0014.tif,Cluster,1,train
CNT-Fiber-0175.tif,Fiber,0,train
CNT-Matrix-0127.tif,Matrix,2,train
CNT-Matrix-0349.tif,Matrix,2,train
CNT-MatrixSurface-0322.tif,MatrixSurface,3,train
CNT-Cluster-0447.tif,Cluster,1,train
CNT-MatrixSurface-0405.tif,MatrixSurface,3,train
CNT-Cluster-0034.tif,Cluster,1,train
CNT-MatrixSurface-0084.tif,MatrixSurface,3,train
CNT-Fiber-0362.tif,Fiber,0,train
CNT-Matrix-0193.tif,Matrix,2,train
CNT-Fiber-0329.tif,Fiber,0,train
CNT-Fiber-0357.tif,Fiber,0,train
CNT-Fiber-0206.tif,Fiber,0,train
CNT-Matrix-0159.tif,Matrix,2,train
CNT-Matrix-0262.tif,Matrix,2,train
CNT-MatrixSurface-0093.tif,MatrixSurface,3,train
CNT-Cluster-0281.tif,Cluster,1,train
CNT-Matrix-0281.tif,Matrix,2,train
CNT-Cluster-0442.tif,Cluster,1,train
CNT-MatrixSurface-0394.tif,MatrixSurface,3,train
CNT-Fiber-0354.tif,Fiber,0,train
CNT-Matrix-0442.tif,Matrix,2,train
CNT-Fiber-0351.tif,Fiber,0,train
CNT-MatrixSurface-0042.tif,MatrixSurface,3,train
CNT-Fiber-0384.tif,Fiber,0,train
CNT-Cluster-0258.tif,Cluster,1,train
CNT-MatrixSurface-0189.tif,MatrixSurface,3,train
CNT-Fiber-0284.tif,Fiber,0,train
CNT-Matrix-0406.tif,Matrix,2,train
CNT-Matrix-0214.tif,Matrix,2,train
CNT-Fiber-0385.tif,Fiber,0,train
CNT-Cluster-0252.tif,Cluster,1,train
CNT-Cluster-0210.tif,Cluster,1,train
CNT-Matrix-0351.tif,Matrix,2,train
CNT-Cluster-0269.tif,Cluster,1,train
CNT-MatrixSurface-0221.tif,MatrixSurface,3,train
CNT-Matrix-0431.tif,Matrix,2,train
CNT-Cluster-0469.tif,Cluster,1,train
CNT-Fiber-0120.tif,Fiber,0,train
CNT-Cluster-0408.tif,Cluster,1,train
CNT-Cluster-0091.tif,Cluster,1,train
CNT-Fiber-0391.tif,Fiber,0,train
CNT-MatrixSurface-0070.tif,MatrixSurface,3,train
CNT-MatrixSurface-0180.tif,MatrixSurface,3,train
CNT-Cluster-0189.tif,Cluster,1,train
CNT-Matrix-0176.tif,Matrix,2,train
CNT-Cluster-0028.tif,Cluster,1,train
CNT-Cluster-0406.tif,Cluster,1,train
CNT-Cluster-0389.tif,Cluster,1,train
CNT-Cluster-0013.tif,Cluster,1,train
CNT-Matrix-0087.tif,Matrix,2,train
CNT-Cluster-0402.tif,Cluster,1,train
CNT-Matrix-0272.tif,Matrix,2,train
CNT-MatrixSurface-0052.tif,MatrixSurface,3,train
CNT-MatrixSurface-0298.tif,MatrixSurface,3,train
CNT-MatrixSurface-0032.tif,MatrixSurface,3,train
CNT-Fiber-0068.tif,Fiber,0,train
CNT-Cluster-0163.tif,Cluster,1,train
CNT-MatrixSurface-0440.tif,MatrixSurface,3,train
CNT-Matrix-0094.tif,Matrix,2,train
CNT-Matrix-0210.tif,Matrix,2,train
CNT-Matrix-0202.tif,Matrix,2,train
CNT-Matrix-0423.tif,Matrix,2,train
CNT-Cluster-0348.tif,Cluster,1,train
CNT-Matrix-0331.tif,Matrix,2,train
CNT-MatrixSurface-0311.tif,MatrixSurface,3,train
CNT-Fiber-0172.tif,Fiber,0,train
CNT-Fiber-0442.tif,Fiber,0,train
CNT-Cluster-0147.tif,Cluster,1,train
CNT-Cluster-0005.tif,Cluster,1,train
CNT-MatrixSurface-0366.tif,MatrixSurface,3,train
CNT-Fiber-0346.tif,Fiber,0,train
CNT-Fiber-0439.tif,Fiber,0,train
CNT-Cluster-0289.tif,Cluster,1,train
CNT-Cluster-0264.tif,Cluster,1,train
CNT-MatrixSurface-0349.tif,MatrixSurface,3,train
CNT-MatrixSurface-0097.tif,MatrixSurface,3,train
CNT-Cluster-0385.tif,Cluster,1,train
CNT-Cluster-0468.tif,Cluster,1,train
CNT-Cluster-0057.tif,Cluster,1,train
CNT-Cluster-0271.tif,Cluster,1,train
CNT-Cluster-0157.tif,Cluster,1,train
CNT-Cluster-0345.tif,Cluster,1,train
CNT-Fiber-0136.tif,Fiber,0,train
CNT-Matrix-0359.tif,Matrix,2,train
CNT-Matrix-0178.tif,Matrix,2,train
CNT-Cluster-0363.tif,Cluster,1,train
CNT-Fiber-0098.tif,Fiber,0,train
CNT-Cluster-0383.tif,Cluster,1,train
CNT-MatrixSurface-0153.tif,MatrixSurface,3,train
CNT-Fiber-0050.tif,Fiber,0,train
CNT-Fiber-0203.tif,Fiber,0,train
CNT-MatrixSurface-0234.tif,MatrixSurface,3,train
CNT-Matrix-0460.tif,Matrix,2,train
CNT-MatrixSurface-0044.tif,MatrixSurface,3,train
CNT-Matrix-0137.tif,Matrix,2,train
CNT-Cluster-0150.tif,Cluster,1,train
CNT-Cluster-0372.tif,Cluster,1,train
CNT-Matrix-0150.tif,Matrix,2,train
CNT-Cluster-0461.tif,Cluster,1,train
CNT-Matrix-1703.tif,Matrix,2,train
CNT-Matrix-0209.tif,Matrix,2,train
CNT-Cluster-0744.tif,Cluster,1,train
CNT-MatrixSurface-0002.tif,MatrixSurface,3,train
CNT-Fiber-0168.tif,Fiber,0,train
CNT-Matrix-0367.tif,Matrix,2,train
CNT-MatrixSurface-0341.tif,MatrixSurface,3,train
CNT-MatrixSurface-0249.tif,MatrixSurface,3,train
CNT-Cluster-0294.tif,Cluster,1,train
CNT-MatrixSurface-0378.tif,MatrixSurface,3,train
CNT-Matrix-0249.tif,Matrix,2,train
CNT-MatrixSurface-0402.tif,MatrixSurface,3,train
CNT-MatrixSurface-0103.tif,MatrixSurface,3,train
CNT-Fiber-0137.tif,Fiber,0,train
CNT-MatrixSurface-0222.tif,MatrixSurface,3,train
CNT-MatrixSurface-0428.tif,MatrixSurface,3,train
CNT-Fiber-0013.tif,Fiber,0,train
CNT-Fiber-0394.tif,Fiber,0,train
CNT-Matrix-0411.tif,Matrix,2,train
CNT-MatrixSurface-0318.tif,MatrixSurface,3,train
CNT-Fiber-0405.tif,Fiber,0,train
CNT-Fiber-0274.tif,Fiber,0,train
CNT-Cluster-0198.tif,Cluster,1,train
CNT-Cluster-0143.tif,Cluster,1,train
CNT-Matrix-0357.tif,Matrix,2,train
CNT-MatrixSurface-0299.tif,MatrixSurface,3,train
CNT-Matrix-0271.tif,Matrix,2,train
CNT-Cluster-0229.tif,Cluster,1,train
CNT-Fiber-0290.tif,Fiber,0,train
CNT-Fiber-0302.tif,Fiber,0,train
CNT-Fiber-0337.tif,Fiber,0,train
CNT-Fiber-0017.tif,Fiber,0,train
CNT-Cluster-0347.tif,Cluster,1,train
CNT-MatrixSurface-0397.tif,MatrixSurface,3,train
CNT-Matrix-0002.tif,Matrix,2,train
CNT-MatrixSurface-0339.tif,MatrixSurface,3,train
CNT-MatrixSurface-0235.tif,MatrixSurface,3,train
CNT-MatrixSurface-0347.tif,MatrixSurface,3,train
CNT-Matrix-0263.tif,Matrix,2,train
CNT-Matrix-0420.tif,Matrix,2,train
CNT-Matrix-0461.tif,Matrix,2,train
CNT-Fiber-0249.tif,Fiber,0,train
CNT-Matrix-0305.tif,Matrix,2,train
CNT-Matrix-0381.tif,Matrix,2,train
CNT-Matrix-0227.tif,Matrix,2,train
CNT-Cluster-0236.tif,Cluster,1,train
CNT-Cluster-0277.tif,Cluster,1,train
CNT-Cluster-0390.tif,Cluster,1,train
CNT-Matrix-0186.tif,Matrix,2,train
CNT-Matrix-0368.tif,Matrix,2,train
CNT-MatrixSurface-0233.tif,MatrixSurface,3,train
CNT-MatrixSurface-0022.tif,MatrixSurface,3,train
CNT-Matrix-0109.tif,Matrix,2,train
CNT-MatrixSurface-0207.tif,MatrixSurface,3,train
CNT-Matrix-0008.tif,Matrix,2,train
CNT-Cluster-0384.tif,Cluster,1,train
CNT-MatrixSurface-0352.tif,MatrixSurface,3,train
CNT-Cluster-0063.tif,Cluster,1,train
CNT-Cluster-0241.tif,Cluster,1,train
CNT-MatrixSurface-0445.tif,MatrixSurface,3,train
CNT-Matrix-1706.tif,Matrix,2,train
CNT-Matrix-0275.tif,Matrix,2,train
CNT-Fiber-0044.tif,Fiber,0,train
CNT-MatrixSurface-0385.tif,MatrixSurface,3,train
CNT-MatrixSurface-0226.tif,MatrixSurface,3,train
CNT-Cluster-0251.tif,Cluster,1,train
CNT-MatrixSurface-0324.tif,MatrixSurface,3,train
CNT-Fiber-0226.tif,Fiber,0,train
CNT-Fiber-0227.tif,Fiber,0,train
CNT-Fiber-0401.tif,Fiber,0,train
CNT-Cluster-0449.tif,Cluster,1,train
CNT-Cluster-0250.tif,Cluster,1,train
CNT-MatrixSurface-0053.tif,MatrixSurface,3,train
CNT-MatrixSurface-0089.tif,MatrixSurface,3,train
CNT-Cluster-0106.tif,Cluster,1,train
CNT-Matrix-0219.tif,Matrix,2,train
CNT-Fiber-0440.tif,Fiber,0,train
CNT-Matrix-0179.tif,Matrix,2,train
CNT-Matrix-0261.tif,Matrix,2,train
CNT-Matrix-0397.tif,Matrix,2,train
CNT-Cluster-0339.tif,Cluster,1,train
CNT-Fiber-0407.tif,Fiber,0,train
CNT-Cluster-0343.tif,Cluster,1,train
CNT-Cluster-0226.tif,Cluster,1,train
CNT-Cluster-0070.tif,Cluster,1,train
CNT-Matrix-0105.tif,Matrix,2,train
CNT-MatrixSurface-0410.tif,MatrixSurface,3,train
CNT-MatrixSurface-0106.tif,MatrixSurface,3,train
CNT-Matrix-0058.tif,Matrix,2,train
CNT-Fiber-0334.tif,Fiber,0,train
CNT-Cluster-0466.tif,Cluster,1,train
CNT-MatrixSurface-0056.tif,MatrixSurface,3,train
CNT-MatrixSurface-0368.tif,MatrixSurface,3,train
CNT-Cluster-0188.tif,Cluster,1,train
CNT-Matrix-0168.tif,Matrix,2,train
CNT-Cluster-0177.tif,Cluster,1,train
CNT-MatrixSurface-0395.tif,MatrixSurface,3,train
CNT-Fiber-0091.tif,Fiber,0,train
CNT-Matrix-0232.tif,Matrix,2,train
CNT-MatrixSurface-0150.tif,MatrixSurface,3,train
CNT-Cluster-0315.tif,Cluster,1,train
CNT-Fiber-0008.tif,Fiber,0,train
CNT-MatrixSurface-0276.tif,MatrixSurface,3,train
CNT-MatrixSurface-0401.tif,MatrixSurface,3,train
CNT-Fiber-0372.tif,Fiber,0,train
CNT-Matrix-0130.tif,Matrix,2,train
CNT-Cluster-0048.tif,Cluster,1,train
CNT-Cluster-0086.tif,Cluster,1,train
CNT-Matrix-0156.tif,Matrix,2,train
CNT-Matrix-0429.tif,Matrix,2,train
CNT-Cluster-0272.tif,Cluster,1,train
CNT-Cluster-0298.tif,Cluster,1,train
CNT-Matrix-0412.tif,Matrix,2,train
CNT-Fiber-0347.tif,Fiber,0,train
CNT-Cluster-0353.tif,Cluster,1,train
CNT-Matrix-0274.tif,Matrix,2,train
CNT-Matrix-0282.tif,Matrix,2,train
CNT-Fiber-0126.tif,Fiber,0,train
CNT-MatrixSurface-0242.tif,MatrixSurface,3,train
CNT-MatrixSurface-0332.tif,MatrixSurface,3,train
CNT-Fiber-0438.tif,Fiber,0,train
CNT-MatrixSurface-0170.tif,MatrixSurface,3,train
CNT-Fiber-0071.tif,Fiber,0,train
CNT-Matrix-0023.tif,Matrix,2,train
CNT-Fiber-0006.tif,Fiber,0,train
CNT-Fiber-0066.tif,Fiber,0,train
CNT-Cluster-0254.tif,Cluster,1,train
CNT-Cluster-0017.tif,Cluster,1,train
CNT-Fiber-0437.tif,Fiber,0,train
CNT-MatrixSurface-0141.tif,MatrixSurface,3,train
CNT-Cluster-0203.tif,Cluster,1,train
CNT-Matrix-0254.tif,Matrix,2,train
CNT-Cluster-0746.tif,Cluster,1,train
CNT-Cluster-0164.tif,Cluster,1,train
CNT-MatrixSurface-0248.tif,MatrixSurface,3,train
CNT-Matrix-0079.tif,Matrix,2,train
CNT-MatrixSurface-0272.tif,MatrixSurface,3,train
CNT-Matrix-0451.tif,Matrix,2,train
CNT-Matrix-0449.tif,Matrix,2,train
CNT-Cluster-0211.tif,Cluster,1,train
CNT-Matrix-0319.tif,Matrix,2,train
CNT-Fiber-0094.tif,Fiber,0,train
CNT-Matrix-1705.tif,Matrix,2,train
CNT-Fiber-0130.tif,Fiber,0,train
CNT-MatrixSurface-0419.tif,MatrixSurface,3,train
CNT-Matrix-0433.tif,Matrix,2,train
CNT-Cluster-0321.tif,Cluster,1,train
CNT-Cluster-0318.tif,Cluster,1,train
CNT-Cluster-0155.tif,Cluster,1,train
CNT-Matrix-0273.tif,Matrix,2,train
CNT-Cluster-0060.tif,Cluster,1,train
CNT-MatrixSurface-0231.tif,MatrixSurface,3,train
CNT-Matrix-0231.tif,Matrix,2,train
CNT-Cluster-0008.tif,Cluster,1,train
CNT-MatrixSurface-0262.tif,MatrixSurface,3,train
CNT-Fiber-0377.tif,Fiber,0,train
CNT-MatrixSurface-0005.tif,MatrixSurface,3,train
CNT-Fiber-0113.tif,Fiber,0,train
CNT-MatrixSurface-0400.tif,MatrixSurface,3,train
CNT-Matrix-0297.tif,Matrix,2,train
CNT-Fiber-0007.tif,Fiber,0,train
CNT-Cluster-0426.tif,Cluster,1,train
CNT-Fiber-0316.tif,Fiber,0,train
CNT-MatrixSurface-0382.tif,MatrixSurface,3,train
CNT-Cluster-0336.tif,Cluster,1,train
CNT-Cluster-0290.tif,Cluster,1,train
CNT-Fiber-0411.tif,Fiber,0,train
CNT-Cluster-0061.tif,Cluster,1,train
CNT-Fiber-0154.tif,Fiber,0,train
CNT-Matrix-0264.tif,Matrix,2,train
CNT-MatrixSurface-0225.tif,MatrixSurface,3,train
CNT-Matrix-0192.tif,Matrix,2,train
CNT-Cluster-0244.tif,Cluster,1,train
CNT-Matrix-0445.tif,Matrix,2,train
CNT-Fiber-0416.tif,Fiber,0,train
CNT-Matrix-0128.tif,Matrix,2,train
CNT-MatrixSurface-0024.tif,MatrixSurface,3,train
CNT-Fiber-0019.tif,Fiber,0,train
CNT-Matrix-0212.tif,Matrix,2,train
CNT-Matrix-1712.tif,Matrix,2,train
CNT-Fiber-0448.tif,Fiber,0,train
CNT-Fiber-0153.tif,Fiber,0,train
CNT-Fiber-0430.tif,Fiber,0,train
CNT-MatrixSurface-0450.tif,MatrixSurface,3,train
CNT-Fiber-0364.tif,Fiber,0,train
CNT-MatrixSurface-0338.tif,MatrixSurface,3,train
CNT-Cluster-0349.tif,Cluster,1,train
CNT-Fiber-0128.tif,Fiber,0,train
CNT-Matrix-0155.tif,Matrix,2,train
CNT-Matrix-0016.tif,Matrix,2,train
CNT-Fiber-0294.tif,Fiber,0,train
CNT-Matrix-0375.tif,Matrix,2,train
CNT-MatrixSurface-0269.tif,MatrixSurface,3,train
CNT-MatrixSurface-0429.tif,MatrixSurface,3,train
CNT-MatrixSurface-0155.tif,MatrixSurface,3,train
CNT-Cluster-0327.tif,Cluster,1,train
CNT-Cluster-0237.tif,Cluster,1,train
CNT-MatrixSurface-0018.tif,MatrixSurface,3,train
CNT-Matrix-0369.tif,Matrix,2,train
CNT-MatrixSurface-0344.tif,MatrixSurface,3,train
CNT-MatrixSurface-0451.tif,MatrixSurface,3,train
CNT-Matrix-0174.tif,Matrix,2,train
CNT-Matrix-0333.tif,Matrix,2,train
CNT-Fiber-0418.tif,Fiber,0,train
CNT-Cluster-0136.tif,Cluster,1,train
CNT-Matrix-0308.tif,Matrix,2,train
CNT-Fiber-0242.tif,Fiber,0,train
CNT-Fiber-0353.tif,Fiber,0,train
CNT-Matrix-0059.tif,Matrix,2,train
CNT-Cluster-0215.tif,Cluster,1,train
CNT-Cluster-0001.tif,Cluster,1,train
CNT-Cluster-0435.tif,Cluster,1,train
CNT-Fiber-0162.tif,Fiber,0,train
CNT-Matrix-0010.tif,Matrix,2,train
CNT-Fiber-0275.tif,Fiber,0,train
CNT-Matrix-0279.tif,Matrix,2,train
CNT-MatrixSurface-0177.tif,MatrixSurface,3,train
CNT-Fiber-0342.tif,Fiber,0,train
CNT-Fiber-0255.tif,Fiber,0,train
CNT-Fiber-0054.tif,Fiber,0,train
CNT-MatrixSurface-0166.tif,MatrixSurface,3,train
CNT-MatrixSurface-0130.tif,MatrixSurface,3,train
CNT-Matrix-0228.tif,Matrix,2,train
CNT-Matrix-0161.tif,Matrix,2,train
CNT-MatrixSurface-0359.tif,MatrixSurface,3,train
CNT-Fiber-0150.tif,Fiber,0,train
CNT-Matrix-0419.tif,Matrix,2,train
CNT-Cluster-0736.tif,Cluster,1,train
CNT-Fiber-0003.tif,Fiber,0,train
CNT-Cluster-0394.tif,Cluster,1,train
CNT-MatrixSurface-0071.tif,MatrixSurface,3,train
CNT-Matrix-0196.tif,Matrix,2,train
CNT-Fiber-0251.tif,Fiber,0,train
CNT-Matrix-0163.tif,Matrix,2,train
CNT-Matrix-0329.tif,Matrix,2,train
CNT-Cluster-0197.tif,Cluster,1,train
CNT-MatrixSurface-0370.tif,MatrixSurface,3,train
CNT-Matrix-0012.tif,Matrix,2,train
CNT-MatrixSurface-0252.tif,MatrixSurface,3,train
CNT-Fiber-0240.tif,Fiber,0,train
CNT-MatrixSurface-0351.tif,MatrixSurface,3,train
CNT-MatrixSurface-0334.tif,MatrixSurface,3,train
CNT-Matrix-0022.tif,Matrix,2,train
CNT-MatrixSurface-0191.tif,MatrixSurface,3,train
CNT-Cluster-0749.tif,Cluster,1,train
CNT-Cluster-0040.tif,Cluster,1,train
CNT-Matrix-0241.tif,Matrix,2,train
CNT-Cluster-0029.tif,Cluster,1,train
CNT-MatrixSurface-0446.tif,MatrixSurface,3,train
CNT-Matrix-0389.tif,Matrix,2,train
CNT-Cluster-0361.tif,Cluster,1,train
CNT-Cluster-0728.tif,Cluster,1,train
CNT-MatrixSurface-0457.tif,MatrixSurface,3,train
CNT-Matrix-0091.tif,Matrix,2,train
CNT-Fiber-0361.tif,Fiber,0,train
CNT-Matrix-0203.tif,Matrix,2,train
CNT-Matrix-0104.tif,Matrix,2,train
CNT-Cluster-0732.tif,Cluster,1,train
CNT-MatrixSurface-0251.tif,MatrixSurface,3,train
CNT-Cluster-0283.tif,Cluster,1,train
CNT-Matrix-1716.tif,Matrix,2,train
CNT-Fiber-0138.tif,Fiber,0,train
CNT-Matrix-0136.tif,Matrix,2,train
CNT-Fiber-0030.tif,Fiber,0,train
CNT-Matrix-0379.tif,Matrix,2,train
CNT-Fiber-0029.tif,Fiber,0,train
CNT-MatrixSurface-0143.tif,MatrixSurface,3,train
CNT-Fiber-0125.tif,Fiber,0,train
CNT-Matrix-0097.tif,Matrix,2,train
CNT-Matrix-0303.tif,Matrix,2,train
CNT-Matrix-0180.tif,Matrix,2,train
CNT-MatrixSurface-0015.tif,MatrixSurface,3,train
CNT-Fiber-0301.tif,Fiber,0,train
CNT-Cluster-0431.tif,Cluster,1,train
CNT-Cluster-0275.tif,Cluster,1,train
CNT-Fiber-0075.tif,Fiber,0,train
CNT-Fiber-0265.tif,Fiber,0,train
CNT-Cluster-0329.tif,Cluster,1,train
CNT-Cluster-0738.tif,Cluster,1,train
CNT-MatrixSurface-0356.tif,MatrixSurface,3,train
CNT-Matrix-0454.tif,Matrix,2,train
CNT-Matrix-0346.tif,Matrix,2,train
CNT-Matrix-0373.tif,Matrix,2,train
CNT-Cluster-0464.tif,Cluster,1,train
CNT-Cluster-0745.tif,Cluster,1,train
CNT-MatrixSurface-0424.tif,MatrixSurface,3,train
CNT-Matrix-0216.tif,Matrix,2,train
CNT-Fiber-0020.tif,Fiber,0,train
CNT-Cluster-0083.tif,Cluster,1,train
CNT-MatrixSurface-0295.tif,MatrixSurface,3,train
CNT-Cluster-0224.tif,Cluster,1,train
CNT-Cluster-0452.tif,Cluster,1,train
CNT-MatrixSurface-0266.tif,MatrixSurface,3,train
CNT-MatrixSurface-0094.tif,MatrixSurface,3,train
CNT-Matrix-0413.tif,Matrix,2,train
CNT-MatrixSurface-0064.tif,MatrixSurface,3,train
CNT-Cluster-0176.tif,Cluster,1,train
CNT-MatrixSurface-0327.tif,MatrixSurface,3,train
CNT-MatrixSurface-0353.tif,MatrixSurface,3,train
CNT-Cluster-0460.tif,Cluster,1,train
CNT-Cluster-0222.tif,Cluster,1,train
CNT-MatrixSurface-0161.tif,MatrixSurface,3,train
CNT-Matrix-0069.tif,Matrix,2,train
CNT-Fiber-0309.tif,Fiber,0,train
CNT-Fiber-0065.tif,Fiber,0,train
CNT-MatrixSurface-0041.tif,MatrixSurface,3,train
CNT-MatrixSurface-0198.tif,MatrixSurface,3,train
CNT-Fiber-0423.tif,Fiber,0,train
CNT-Matrix-0037.tif,Matrix,2,train
CNT-Fiber-0207.tif,Fiber,0,train
CNT-Fiber-0195.tif,Fiber,0,train
CNT-MatrixSurface-0014.tif,MatrixSurface,3,train
CNT-MatrixSurface-1269.tif,MatrixSurface,3,train
CNT-MatrixSurface-0256.tif,MatrixSurface,3,train
CNT-MatrixSurface-0132.tif,MatrixSurface,3,train
CNT-Cluster-0179.tif,Cluster,1,train
CNT-Matrix-0071.tif,Matrix,2,train
CNT-MatrixSurface-0076.tif,MatrixSurface,3,train
CNT-Cluster-0235.tif,Cluster,1,train
CNT-Cluster-0133.tif,Cluster,1,train
CNT-Fiber-0117.tif,Fiber,0,train
CNT-MatrixSurface-0406.tif,MatrixSurface,3,train
CNT-MatrixSurface-0167.tif,MatrixSurface,3,train
CNT-MatrixSurface-0174.tif,MatrixSurface,3,train
CNT-Matrix-0095.tif,Matrix,2,train
CNT-Cluster-0204.tif,Cluster,1,train
CNT-MatrixSurface-0164.tif,MatrixSurface,3,train
CNT-Cluster-0356.tif,Cluster,1,train
CNT-Fiber-0283.tif,Fiber,0,train
CNT-Matrix-0284.tif,Matrix,2,train
CNT-Matrix-0014.tif,Matrix,2,train
CNT-MatrixSurface-0181.tif,MatrixSurface,3,train
CNT-MatrixSurface-0317.tif,MatrixSurface,3,train
CNT-Fiber-0221.tif,Fiber,0,train
CNT-Matrix-0250.tif,Matrix,2,train
CNT-Matrix-0077.tif,Matrix,2,train
CNT-Cluster-0212.tif,Cluster,1,train
CNT-Cluster-0011.tif,Cluster,1,train
CNT-Cluster-0413.tif,Cluster,1,train
CNT-MatrixSurface-0413.tif,MatrixSurface,3,train
CNT-Cluster-0065.tif,Cluster,1,train
CNT-Matrix-0310.tif,Matrix,2,train
CNT-Cluster-0428.tif,Cluster,1,train
CNT-MatrixSurface-0258.tif,MatrixSurface,3,train
CNT-MatrixSurface-0422.tif,MatrixSurface,3,train
CNT-Cluster-0332.tif,Cluster,1,train
CNT-Cluster-0276.tif,Cluster,1,train
CNT-Cluster-0334.tif,Cluster,1,train
CNT-Cluster-0451.tif,Cluster,1,train
CNT-MatrixSurface-0287.tif,MatrixSurface,3,train
CNT-Cluster-0757.tif,Cluster,1,train
CNT-MatrixSurface-0253.tif,MatrixSurface,3,train
CNT-Matrix-0151.tif,Matrix,2,train
CNT-Matrix-0398.tif,Matrix,2,train
CNT-Fiber-0307.tif,Fiber,0,train
CNT-Matrix-0054.tif,Matrix,2,train
CNT-MatrixSurface-0227.tif,MatrixSurface,3,train
CNT-Cluster-0194.tif,Cluster,1,train
CNT-Cluster-0279.tif,Cluster,1,train
CNT-Fiber-0408.tif,Fiber,0,train
CNT-Matrix-0164.tif,Matrix,2,train
CNT-MatrixSurface-0257.tif,MatrixSurface,3,train
CNT-Matrix-0409.tif,Matrix,2,train
CNT-MatrixSurface-0172.tif,MatrixSurface,3,train
CNT-Cluster-0205.tif,Cluster,1,train
CNT-Cluster-0190.tif,Cluster,1,train
CNT-Cluster-0080.tif,Cluster,1,train
CNT-Matrix-0462.tif,Matrix,2,train
CNT-Fiber-0198.tif,Fiber,0,train
CNT-Cluster-0304.tif,Cluster,1,train
CNT-Matrix-0169.tif,Matrix,2,train
CNT-Matrix-0185.tif,Matrix,2,train
CNT-MatrixSurface-0291.tif,MatrixSurface,3,train
CNT-MatrixSurface-0444.tif,MatrixSurface,3,train
CNT-MatrixSurface-0255.tif,MatrixSurface,3,train
CNT-Cluster-0456.tif,Cluster,1,train
CNT-MatrixSurface-1280.tif,MatrixSurface,3,train
CNT-Fiber-0089.tif,Fiber,0,train
CNT-Matrix-0352.tif,Matrix,2,train
CNT-Fiber-0045.tif,Fiber,0,train
CNT-MatrixSurface-0066.tif,MatrixSurface,3,train
CNT-MatrixSurface-1268.tif,MatrixSurface,3,train
CNT-Matrix-0283.tif,Matrix,2,train
CNT-MatrixSurface-0399.tif,MatrixSurface,3,train
CNT-MatrixSurface-0453.tif,MatrixSurface,3,train
CNT-MatrixSurface-0271.tif,MatrixSurface,3,train
CNT-Cluster-0351.tif,Cluster,1,train
CNT-MatrixSurface-0333.tif,MatrixSurface,3,train
CNT-Cluster-0365.tif,Cluster,1,train
CNT-MatrixSurface-0202.tif,MatrixSurface,3,train
CNT-MatrixSurface-0208.tif,MatrixSurface,3,train
CNT-Cluster-0095.tif,Cluster,1,train
CNT-MatrixSurface-0113.tif,MatrixSurface,3,train
CNT-MatrixSurface-0186.tif,MatrixSurface,3,train
CNT-Matrix-0057.tif,Matrix,2,train
CNT-MatrixSurface-0376.tif,MatrixSurface,3,train
CNT-Cluster-0379.tif,Cluster,1,train
CNT-Matrix-0417.tif,Matrix,2,train
CNT-Matrix-0194.tif,Matrix,2,train
CNT-Matrix-0245.tif,Matrix,2,train
CNT-Cluster-0297.tif,Cluster,1,train
CNT-Fiber-0204.tif,Fiber,0,train
CNT-Matrix-0260.tif,Matrix,2,train
CNT-Fiber-0289.tif,Fiber,0,train
CNT-Fiber-0016.tif,Fiber,0,train
CNT-Matrix-0108.tif,Matrix,2,train
CNT-Matrix-0102.tif,Matrix,2,train
CNT-Cluster-0422.tif,Cluster,1,train
CNT-MatrixSurface-0396.tif,MatrixSurface,3,train
CNT-Fiber-0015.tif,Fiber,0,train
CNT-MatrixSurface-0050.tif,MatrixSurface,3,train
CNT-Cluster-0181.tif,Cluster,1,train
CNT-Cluster-0278.tif,Cluster,1,train
CNT-MatrixSurface-0171.tif,MatrixSurface,3,train
CNT-MatrixSurface-0449.tif,MatrixSurface,3,train
CNT-MatrixSurface-0074.tif,MatrixSurface,3,train
CNT-MatrixSurface-1277.tif,MatrixSurface,3,train
CNT-Cluster-0396.tif,Cluster,1,train
CNT-Cluster-0335.tif,Cluster,1,train
CNT-Fiber-0404.tif,Fiber,0,train
CNT-Matrix-0339.tif,Matrix,2,train
CNT-Fiber-0090.tif,Fiber,0,train
CNT-Matrix-0320.tif,Matrix,2,train
CNT-Matrix-0103.tif,Matrix,2,train
CNT-Fiber-0005.tif,Fiber,0,train
CNT-MatrixSurface-0178.tif,MatrixSurface,3,train
CNT-Fiber-0080.tif,Fiber,0,train
CNT-Cluster-0733.tif,Cluster,1,train
CNT-Cluster-0214.tif,Cluster,1,train
CNT-Cluster-0401.tif,Cluster,1,train
CNT-Matrix-0238.tif,Matrix,2,train
CNT-Fiber-0152.tif,Fiber,0,train
CNT-Fiber-0026.tif,Fiber,0,train
CNT-Matrix-0347.tif,Matrix,2,train
CNT-Matrix-0051.tif,Matrix,2,train
CNT-Matrix-0335.tif,Matrix,2,train
CNT-Matrix-0036.tif,Matrix,2,train
CNT-Matrix-0266.tif,Matrix,2,train
CNT-Matrix-0391.tif,Matrix,2,train
CNT-MatrixSurface-0131.tif,MatrixSurface,3,train
CNT-Fiber-0366.tif,Fiber,0,train
CNT-Fiber-0245.tif,Fiber,0,train
CNT-Matrix-0408.tif,Matrix,2,train
CNT-MatrixSurface-0098.tif,MatrixSurface,3,train
CNT-Cluster-0417.tif,Cluster,1,train
CNT-Matrix-0135.tif,Matrix,2,train
CNT-Matrix-0415.tif,Matrix,2,train
CNT-MatrixSurface-0088.tif,MatrixSurface,3,train
CNT-Matrix-0376.tif,Matrix,2,train
CNT-MatrixSurface-0137.tif,MatrixSurface,3,train
CNT-MatrixSurface-0209.tif,MatrixSurface,3,train
CNT-Matrix-0078.tif,Matrix,2,train
CNT-Cluster-0075.tif,Cluster,1,train
CNT-Matrix-0292.tif,Matrix,2,train
CNT-Matrix-0293.tif,Matrix,2,train
CNT-Matrix-0307.tif,Matrix,2,train
CNT-Cluster-0280.tif,Cluster,1,train
CNT-Fiber-0010.tif,Fiber,0,train
CNT-Cluster-0346.tif,Cluster,1,train
CNT-MatrixSurface-0390.tif,MatrixSurface,3,train
CNT-MatrixSurface-0260.tif,MatrixSurface,3,train
CNT-Cluster-0092.tif,Cluster,1,train
CNT-MatrixSurface-0312.tif,MatrixSurface,3,train
CNT-MatrixSurface-0288.tif,MatrixSurface,3,train
CNT-Cluster-0200.tif,Cluster,1,train
CNT-Matrix-0053.tif,Matrix,2,train
CNT-Cluster-0273.tif,Cluster,1,train
CNT-MatrixSurface-0250.tif,MatrixSurface,3,train
CNT-MatrixSurface-1279.tif,MatrixSurface,3,train
CNT-Cluster-0737.tif,Cluster,1,train
CNT-Matrix-0061.tif,Matrix,2,train
CNT-Matrix-0005.tif,Matrix,2,train
CNT-Cluster-0307.tif,Cluster,1,train
CNT-MatrixSurface-0340.tif,MatrixSurface,3,train
CNT-MatrixSurface-0192.tif,MatrixSurface,3,train
CNT-MatrixSurface-0003.tif,MatrixSurface,3,train
CNT-MatrixSurface-0412.tif,MatrixSurface,3,train
CNT-Matrix-0362.tif,Matrix,2,train
CNT-Matrix-0055.tif,Matrix,2,train
CNT-Cluster-0053.tif,Cluster,1,train
CNT-Matrix-0044.tif,Matrix,2,train
CNT-Cluster-0137.tif,Cluster,1,train
CNT-Matrix-0326.tif,Matrix,2,train
CNT-Fiber-0388.tif,Fiber,0,train
CNT-MatrixSurface-0135.tif,MatrixSurface,3,train
CNT-Fiber-0282.tif,Fiber,0,train
CNT-MatrixSurface-0443.tif,MatrixSurface,3,train
CNT-MatrixSurface-0263.tif,MatrixSurface,3,train
CNT-Fiber-0192.tif,Fiber,0,train
CNT-MatrixSurface-0079.tif,MatrixSurface,3,train
CNT-MatrixSurface-0375.tif,MatrixSurface,3,train
CNT-Fiber-0018.tif,Fiber,0,train
CNT-Cluster-0037.tif,Cluster,1,train
CNT-Cluster-0429.tif,Cluster,1,train
CNT-Matrix-0328.tif,Matrix,2,train
CNT-Fiber-0232.tif,Fiber,0,train
CNT-Matrix-0422.tif,Matrix,2,train
CNT-MatrixSurface-0315.tif,MatrixSurface,3,train
CNT-Matrix-0365.tif,Matrix,2,train
CNT-Matrix-0205.tif,Matrix,2,train
CNT-Fiber-0252.tif,Fiber,0,train
CNT-Cluster-0178.tif,Cluster,1,train
CNT-Fiber-0398.tif,Fiber,0,train
CNT-MatrixSurface-0038.tif,MatrixSurface,3,train
CNT-MatrixSurface-0270.tif,MatrixSurface,3,train
CNT-Cluster-0330.tif,Cluster,1,train
CNT-Cluster-0423.tif,Cluster,1,train
CNT-MatrixSurface-0301.tif,MatrixSurface,3,train
CNT-MatrixSurface-1262.tif,MatrixSurface,3,train
CNT-MatrixSurface-0420.tif,MatrixSurface,3,train
CNT-Fiber-0291.tif,Fiber,0,train
CNT-Fiber-0422.tif,Fiber,0,train
CNT-MatrixSurface-0149.tif,MatrixSurface,3,train
CNT-Fiber-0042.tif,Fiber,0,train
CNT-Matrix-0340.tif,Matrix,2,train
CNT-Fiber-0344.tif,Fiber,0,train
CNT-Cluster-0358.tif,Cluster,1,train
CNT-MatrixSurface-0290.tif,MatrixSurface,3,train
CNT-MatrixSurface-0415.tif,MatrixSurface,3,train
CNT-Cluster-0295.tif,Cluster,1,train
CNT-Matrix-0083.tif,Matrix,2,train
CNT-MatrixSurface-0459.tif,MatrixSurface,3,train
CNT-MatrixSurface-0081.tif,MatrixSurface,3,train
CNT-MatrixSurface-0438.tif,MatrixSurface,3,train
CNT-Cluster-0344.tif,Cluster,1,train
CNT-Fiber-0079.tif,Fiber,0,train
CNT-MatrixSurface-0055.tif,MatrixSurface,3,train
CNT-Fiber-0031.tif,Fiber,0,train
CNT-Matrix-0081.tif,Matrix,2,train
CNT-Matrix-0353.tif,Matrix,2,train
CNT-Fiber-0210.tif,Fiber,0,train
CNT-Matrix-1708.tif,Matrix,2,train
CNT-Cluster-0433.tif,Cluster,1,train
CNT-Matrix-0129.tif,Matrix,2,train
CNT-MatrixSurface-0384.tif,MatrixSurface,3,train
CNT-MatrixSurface-0077.tif,MatrixSurface,3,train
CNT-Cluster-0168.tif,Cluster,1,train
CNT-Fiber-0457.tif,Fiber,0,train
CNT-Fiber-0285.tif,Fiber,0,train
CNT-Fiber-0409.tif,Fiber,0,train
CNT-MatrixSurface-0404.tif,MatrixSurface,3,train
CNT-Cluster-0217.tif,Cluster,1,train
CNT-MatrixSurface-0008.tif,MatrixSurface,3,train
CNT-MatrixSurface-0036.tif,MatrixSurface,3,train
CNT-Matrix-0443.tif,Matrix,2,train
CNT-Cluster-0726.tif,Cluster,1,train
CNT-Fiber-0322.tif,Fiber,0,train
CNT-Cluster-0438.tif,Cluster,1,train
CNT-Matrix-1713.tif,Matrix,2,train
CNT-Fiber-0151.tif,Fiber,0,train
CNT-MatrixSurface-0048.tif,MatrixSurface,3,train
CNT-MatrixSurface-0275.tif,MatrixSurface,3,train
CNT-Matrix-0290.tif,Matrix,2,train
CNT-Cluster-0248.tif,Cluster,1,train
CNT-Fiber-0319.tif,Fiber,0,train
CNT-Cluster-0007.tif,Cluster,1,train
CNT-Matrix-0438.tif,Matrix,2,train
CNT-Fiber-0191.tif,Fiber,0,train
CNT-Matrix-0112.tif,Matrix,2,train
CNT-Fiber-0312.tif,Fiber,0,train
CNT-Cluster-0448.tif,Cluster,1,train
CNT-Fiber-0180.tif,Fiber,0,train
CNT-MatrixSurface-0267.tif,MatrixSurface,3,train
CNT-MatrixSurface-0362.tif,MatrixSurface,3,train
CNT-Fiber-0027.tif,Fiber,0,train
CNT-Fiber-0420.tif,Fiber,0,train
CNT-Matrix-0314.tif,Matrix,2,train
CNT-MatrixSurface-0133.tif,MatrixSurface,3,train
CNT-Matrix-0152.tif,Matrix,2,train
CNT-Fiber-0433.tif,Fiber,0,train
CNT-MatrixSurface-0195.tif,MatrixSurface,3,train
CNT-Fiber-0273.tif,Fiber,0,train
CNT-Cluster-0068.tif,Cluster,1,train
CNT-MatrixSurface-0432.tif,MatrixSurface,3,train
CNT-Cluster-0102.tif,Cluster,1,train
CNT-Fiber-0296.tif,Fiber,0,train
CNT-MatrixSurface-0182.tif,MatrixSurface,3,train
CNT-Matrix-0248.tif,Matrix,2,train
CNT-Matrix-0019.tif,Matrix,2,train
CNT-Fiber-0060.tif,Fiber,0,train
CNT-Cluster-0038.tif,Cluster,1,train
CNT-Fiber-0087.tif,Fiber,0,train
CNT-Fiber-0073.tif,Fiber,0,train
CNT-Cluster-0054.tif,Cluster,1,train
CNT-Matrix-0384.tif,Matrix,2,train
CNT-Cluster-0357.tif,Cluster,1,train
CNT-Matrix-0268.tif,Matrix,2,train
CNT-Fiber-0051.tif,Fiber,0,train
CNT-Matrix-0257.tif,Matrix,2,train
CNT-Matrix-0421.tif,Matrix,2,train
CNT-Matrix-0414.tif,Matrix,2,train
CNT-Fiber-0315.tif,Fiber,0,train
CNT-Cluster-0323.tif,Cluster,1,train
CNT-MatrixSurface-0217.tif,MatrixSurface,3,train
CNT-MatrixSurface-0345.tif,MatrixSurface,3,train
CNT-Cluster-0183.tif,Cluster,1,train
CNT-MatrixSurface-0281.tif,MatrixSurface,3,train
CNT-Fiber-0436.tif,Fiber,0,train
CNT-MatrixSurface-1267.tif,MatrixSurface,3,train
CNT-Fiber-0352.tif,Fiber,0,train
CNT-Matrix-0434.tif,Matrix,2,train
CNT-Fiber-0330.tif,Fiber,0,train
CNT-Cluster-0444.tif,Cluster,1,train
CNT-Matrix-0198.tif,Matrix,2,train
CNT-MatrixSurface-0373.tif,MatrixSurface,3,train
CNT-MatrixSurface-0238.tif,MatrixSurface,3,train
CNT-Cluster-0135.tif,Cluster,1,train
CNT-Cluster-0152.tif,Cluster,1,train
CNT-Matrix-0306.tif,Matrix,2,train
CNT-Fiber-0170.tif,Fiber,0,train
CNT-Matrix-0364.tif,Matrix,2,train
CNT-Cluster-0049.tif,Cluster,1,train
CNT-Matrix-0085.tif,Matrix,2,train
CNT-Cluster-0352.tif,Cluster,1,train
CNT-Matrix-0064.tif,Matrix,2,train
CNT-Cluster-0314.tif,Cluster,1,train
CNT-Fiber-0064.tif,Fiber,0,train
CNT-Matrix-0395.tif,Matrix,2,train
CNT-Fiber-0297.tif,Fiber,0,train
CNT-Matrix-0199.tif,Matrix,2,train
CNT-Matrix-0157.tif,Matrix,2,train
CNT-Cluster-0146.tif,Cluster,1,train
CNT-MatrixSurface-0082.tif,MatrixSurface,3,train
CNT-Fiber-0185.tif,Fiber,0,train
CNT-Cluster-0437.tif,Cluster,1,train
CNT-Fiber-0458.tif,Fiber,0,train
CNT-Matrix-0166.tif,Matrix,2,train
CNT-Matrix-0393.tif,Matrix,2,train
CNT-MatrixSurface-0147.tif,MatrixSurface,3,train
CNT-Matrix-0170.tif,Matrix,2,train
CNT-Fiber-0110.tif,Fiber,0,train
CNT-Cluster-0450.tif,Cluster,1,train
CNT-Cluster-0313.tif,Cluster,1,train
CNT-Matrix-0056.tif,Matrix,2,train
CNT-Fiber-0112.tif,Fiber,0,train
CNT-Fiber-0156.tif,Fiber,0,train
CNT-Matrix-0313.tif,Matrix,2,train
CNT-Fiber-0399.tif,Fiber,0,train
CNT-Cluster-0044.tif,Cluster,1,train
CNT-Matrix-0063.tif,Matrix,2,train
CNT-MatrixSurface-0090.tif,MatrixSurface,3,train
CNT-MatrixSurface-0407.tif,MatrixSurface,3,train
CNT-MatrixSurface-0158.tif,MatrixSurface,3,train
CNT-MatrixSurface-0381.tif,MatrixSurface,3,train
CNT-Matrix-0224.tif,Matrix,2,train
CNT-Fiber-0076.tif,Fiber,0,train
CNT-Matrix-1715.tif,Matrix,2,train
CNT-Matrix-0298.tif,Matrix,2,train
CNT-Matrix-1714.tif,Matrix,2,train
CNT-Matrix-0370.tif,Matrix,2,train
CNT-Fiber-0363.tif,Fiber,0,train
CNT-Matrix-0141.tif,Matrix,2,train
CNT-Matrix-0399.tif,Matrix,2,train
CNT-MatrixSurface-0001.tif,MatrixSurface,3,train
CNT-Cluster-0382.tif,Cluster,1,train
CNT-Matrix-0218.tif,Matrix,2,train
CNT-Cluster-0260.tif,Cluster,1,train
CNT-Fiber-0246.tif,Fiber,0,train
CNT-MatrixSurface-0058.tif,MatrixSurface,3,train
CNT-Matrix-0172.tif,Matrix,2,train
CNT-Fiber-0025.tif,Fiber,0,train
CNT-MatrixSurface-0223.tif,MatrixSurface,3,train
CNT-Cluster-0088.tif,Cluster,1,train
CNT-Fiber-0171.tif,Fiber,0,train
CNT-Cluster-0151.tif,Cluster,1,train
CNT-Fiber-0434.tif,Fiber,0,train
CNT-Fiber-0359.tif,Fiber,0,train
CNT-MatrixSurface-0004.tif,MatrixSurface,3,train
CNT-MatrixSurface-0387.tif,MatrixSurface,3,train
CNT-MatrixSurface-0274.tif,MatrixSurface,3,train
CNT-MatrixSurface-0218.tif,MatrixSurface,3,train
CNT-Matrix-0197.tif,Matrix,2,train
CNT-MatrixSurface-0035.tif,MatrixSurface,3,train
CNT-Cluster-0471.tif,Cluster,1,train
CNT-Fiber-0139.tif,Fiber,0,train
CNT-MatrixSurface-0414.tif,MatrixSurface,3,train
CNT-MatrixSurface-0176.tif,MatrixSurface,3,train
CNT-Matrix-0459.tif,Matrix,2,train
CNT-Fiber-0181.tif,Fiber,0,train
CNT-Cluster-0370.tif,Cluster,1,train
CNT-Fiber-0035.tif,Fiber,0,train
CNT-MatrixSurface-0190.tif,MatrixSurface,3,train
CNT-Cluster-0425.tif,Cluster,1,train
CNT-Matrix-0235.tif,Matrix,2,train
CNT-Fiber-0429.tif,Fiber,0,train
CNT-Matrix-0068.tif,Matrix,2,train
CNT-Fiber-0235.tif,Fiber,0,train
CNT-Fiber-0234.tif,Fiber,0,train
CNT-Fiber-0034.tif,Fiber,0,train
CNT-Matrix-0017.tif,Matrix,2,train
CNT-MatrixSurface-0232.tif,MatrixSurface,3,train
CNT-Fiber-0222.tif,Fiber,0,train
CNT-MatrixSurface-0101.tif,MatrixSurface,3,train
CNT-Matrix-0098.tif,Matrix,2,train
CNT-Fiber-0123.tif,Fiber,0,train
CNT-Cluster-0233.tif,Cluster,1,train
CNT-Matrix-0236.tif,Matrix,2,val
CNT-MatrixSurface-0118.tif,MatrixSurface,3,val
CNT-Fiber-0375.tif,Fiber,0,val
CNT-MatrixSurface-0159.tif,MatrixSurface,3,val
CNT-MatrixSurface-0348.tif,MatrixSurface,3,val
CNT-Fiber-0099.tif,Fiber,0,val
CNT-Fiber-0002.tif,Fiber,0,val
CNT-Matrix-0038.tif,Matrix,2,val
CNT-Fiber-0306.tif,Fiber,0,val
CNT-MatrixSurface-0441.tif,MatrixSurface,3,val
CNT-Cluster-0207.tif,Cluster,1,val
CNT-MatrixSurface-0063.tif,MatrixSurface,3,val
CNT-MatrixSurface-0435.tif,MatrixSurface,3,val
CNT-MatrixSurface-0229.tif,MatrixSurface,3,val
CNT-Matrix-0327.tif,Matrix,2,val
CNT-Matrix-0020.tif,Matrix,2,val
CNT-Fiber-0049.tif,Fiber,0,val
CNT-Fiber-0280.tif,Fiber,0,val
CNT-Cluster-0333.tif,Cluster,1,val
CNT-Fiber-0021.tif,Fiber,0,val
CNT-Matrix-0004.tif,Matrix,2,val
CNT-Fiber-0081.tif,Fiber,0,val
CNT-Matrix-0140.tif,Matrix,2,val
CNT-Matrix-0204.tif,Matrix,2,val
CNT-MatrixSurface-0355.tif,MatrixSurface,3,val
CNT-MatrixSurface-0193.tif,MatrixSurface,3,val
CNT-Cluster-0299.tif,Cluster,1,val
CNT-Cluster-0328.tif,Cluster,1,val
CNT-Fiber-0213.tif,Fiber,0,val
CNT-MatrixSurface-0017.tif,MatrixSurface,3,val
CNT-Matrix-0158.tif,Matrix,2,val
CNT-Matrix-0382.tif,Matrix,2,val
CNT-Cluster-0259.tif,Cluster,1,val
CNT-Matrix-0139.tif,Matrix,2,val
CNT-Fiber-0092.tif,Fiber,0,val
CNT-Cluster-0312.tif,Cluster,1,val
CNT-Matrix-0107.tif,Matrix,2,val
CNT-Cluster-0117.tif,Cluster,1,val
CNT-Cluster-0225.tif,Cluster,1,val
CNT-Cluster-0016.tif,Cluster,1,val
CNT-MatrixSurface-0321.tif,MatrixSurface,3,val
CNT-Fiber-0393.tif,Fiber,0,val
CNT-Cluster-0041.tif,Cluster,1,val
CNT-Fiber-0148.tif,Fiber,0,val
CNT-MatrixSurface-0030.tif,MatrixSurface,3,val
CNT-Cluster-0302.tif,Cluster,1,val
CNT-Cluster-0247.tif,Cluster,1,val
CNT-Fiber-0460.tif,Fiber,0,val
CNT-Matrix-0073.tif,Matrix,2,val
CNT-Cluster-0084.tif,Cluster,1,val
CNT-MatrixSurface-0016.tif,MatrixSurface,3,val
CNT-Fiber-0262.tif,Fiber,0,val
CNT-MatrixSurface-0154.tif,MatrixSurface,3,val
CNT-Fiber-0186.tif,Fiber,0,val
CNT-MatrixSurface-0313.tif,MatrixSurface,3,val
CNT-Fiber-0293.tif,Fiber,0,val
CNT-Matrix-0072.tif,Matrix,2,val
CNT-MatrixSurface-0241.tif,MatrixSurface,3,val
CNT-Fiber-0114.tif,Fiber,0,val
CNT-Cluster-0338.tif,Cluster,1,val
CNT-Fiber-0038.tif,Fiber,0,val
CNT-Cluster-0292.tif,Cluster,1,val
CNT-MatrixSurface-0078.tif,MatrixSurface,3,val
CNT-Cluster-0350.tif,Cluster,1,val
CNT-MatrixSurface-0383.tif,MatrixSurface,3,val
CNT-MatrixSurface-0314.tif,MatrixSurface,3,val
CNT-Matrix-0247.tif,Matrix,2,val
CNT-Cluster-0097.tif,Cluster,1,val
CNT-MatrixSurface-0426.tif,MatrixSurface,3,val
CNT-Matrix-0439.tif,Matrix,2,val
CNT-Cluster-0288.tif,Cluster,1,val
CNT-Fiber-0063.tif,Fiber,0,val
CNT-MatrixSurface-0112.tif,MatrixSurface,3,val
CNT-Fiber-0241.tif,Fiber,0,val
CNT-MatrixSurface-1265.tif,MatrixSurface,3,val
CNT-Matrix-0148.tif,Matrix,2,val
CNT-Matrix-0348.tif,Matrix,2,val
CNT-Matrix-0052.tif,Matrix,2,val
CNT-Cluster-0325.tif,Cluster,1,val
CNT-Matrix-0237.tif,Matrix,2,val
CNT-Matrix-0239.tif,Matrix,2,val
CNT-Matrix-1711.tif,Matrix,2,val
CNT-Cluster-0123.tif,Cluster,1,val
CNT-Fiber-0303.tif,Fiber,0,val
CNT-MatrixSurface-0092.tif,MatrixSurface,3,val
CNT-MatrixSurface-0095.tif,MatrixSurface,3,val
CNT-MatrixSurface-0261.tif,MatrixSurface,3,val
CNT-Matrix-0092.tif,Matrix,2,val
CNT-MatrixSurface-0448.tif,MatrixSurface,3,val
CNT-Cluster-0220.tif,Cluster,1,val
CNT-Cluster-0374.tif,Cluster,1,val
CNT-Fiber-0177.tif,Fiber,0,val
CNT-Cluster-0337.tif,Cluster,1,val
CNT-Matrix-0343.tif,Matrix,2,val
CNT-Cluster-0184.tif,Cluster,1,val
CNT-Cluster-0462.tif,Cluster,1,val
CNT-Matrix-0312.tif,Matrix,2,val
CNT-MatrixSurface-0323.tif,MatrixSurface,3,val
CNT-Matrix-0124.tif,Matrix,2,val
CNT-Cluster-0293.tif,Cluster,1,val
CNT-Matrix-0289.tif,Matrix,2,val
CNT-Fiber-0425.tif,Fiber,0,val
CNT-Matrix-0456.tif,Matrix,2,val
CNT-Matrix-0301.tif,Matrix,2,val
CNT-Fiber-0389.tif,Fiber,0,val
CNT-Fiber-0373.tif,Fiber,0,val
CNT-Fiber-0135.tif,Fiber,0,val
CNT-Fiber-0298.tif,Fiber,0,val
CNT-Cluster-0463.tif,Cluster,1,val
CNT-Matrix-0457.tif,Matrix,2,val
CNT-MatrixSurface-0061.tif,MatrixSurface,3,val
CNT-Matrix-0427.tif,Matrix,2,val
CNT-Matrix-0213.tif,Matrix,2,val
CNT-MatrixSurface-0175.tif,MatrixSurface,3,val
CNT-MatrixSurface-0325.tif,MatrixSurface,3,val
CNT-Matrix-0334.tif,Matrix,2,val
CNT-MatrixSurface-0086.tif,MatrixSurface,3,val
CNT-Fiber-0325.tif,Fiber,0,val
CNT-Fiber-0447.tif,Fiber,0,val
CNT-Fiber-0164.tif,Fiber,0,val
CNT-Matrix-0437.tif,Matrix,2,val
CNT-Matrix-0115.tif,Matrix,2,val
CNT-MatrixSurface-0286.tif,MatrixSurface,3,val
CNT-Fiber-0215.tif,Fiber,0,val
CNT-Cluster-0455.tif,Cluster,1,val
CNT-Fiber-0456.tif,Fiber,0,val
CNT-Cluster-0191.tif,Cluster,1,val
CNT-MatrixSurface-0073.tif,MatrixSurface,3,val
CNT-Cluster-0387.tif,Cluster,1,val
CNT-Matrix-0028.tif,Matrix,2,val
CNT-Matrix-0153.tif,Matrix,2,val
CNT-Matrix-0330.tif,Matrix,2,val
CNT-Fiber-0103.tif,Fiber,0,val
CNT-Matrix-0242.tif,Matrix,2,val
CNT-Fiber-0236.tif,Fiber,0,val
CNT-Matrix-0336.tif,Matrix,2,val
CNT-MatrixSurface-1276.tif,MatrixSurface,3,val
CNT-Cluster-0320.tif,Cluster,1,val
CNT-MatrixSurface-0285.tif,MatrixSurface,3,val
CNT-Matrix-0067.tif,Matrix,2,val
CNT-Cluster-0750.tif,Cluster,1,val
CNT-Fiber-0197.tif,Fiber,0,val
CNT-Cluster-0128.tif,Cluster,1,val
CNT-Cluster-0118.tif,Cluster,1,val
CNT-MatrixSurface-0165.tif,MatrixSurface,3,val
CNT-MatrixSurface-0265.tif,MatrixSurface,3,val
CNT-Cluster-0376.tif,Cluster,1,val
CNT-Matrix-0040.tif,Matrix,2,val
CNT-Cluster-0391.tif,Cluster,1,val
CNT-Cluster-0231.tif,Cluster,1,val
CNT-Cluster-0364.tif,Cluster,1,val
CNT-Fiber-0339.tif,Fiber,0,val
CNT-Cluster-0180.tif,Cluster,1,val
CNT-Matrix-0154.tif,Matrix,2,val
CNT-Matrix-0332.tif,Matrix,2,val
CNT-MatrixSurface-0282.tif,MatrixSurface,3,val
CNT-Matrix-1710.tif,Matrix,2,val
CNT-MatrixSurface-0037.tif,MatrixSurface,3,val
CNT-MatrixSurface-0300.tif,MatrixSurface,3,val
CNT-Fiber-0229.tif,Fiber,0,val
CNT-Cluster-0467.tif,Cluster,1,val
CNT-Fiber-0058.tif,Fiber,0,val
CNT-Fiber-0214.tif,Fiber,0,val
CNT-Cluster-0043.tif,Cluster,1,val
CNT-MatrixSurface-0065.tif,MatrixSurface,3,val
CNT-Cluster-0400.tif,Cluster,1,val
CNT-Fiber-0286.tif,Fiber,0,val
CNT-MatrixSurface-0214.tif,MatrixSurface,3,val
CNT-MatrixSurface-0124.tif,MatrixSurface,3,val
CNT-Cluster-0445.tif,Cluster,1,val
CNT-Matrix-0089.tif,Matrix,2,val
CNT-Fiber-0061.tif,Fiber,0,val
CNT-MatrixSurface-0328.tif,MatrixSurface,3,val
CNT-Fiber-0345.tif,Fiber,0,val
CNT-Fiber-0268.tif,Fiber,0,val
CNT-MatrixSurface-0259.tif,MatrixSurface,3,val
CNT-MatrixSurface-0142.tif,MatrixSurface,3,val
CNT-Matrix-0100.tif,Matrix,2,val
CNT-Matrix-0255.tif,Matrix,2,test
CNT-Matrix-0047.tif,Matrix,2,test
CNT-MatrixSurface-1272.tif,MatrixSurface,3,test
CNT-Cluster-0268.tif,Cluster,1,test
CNT-Fiber-0144.tif,Fiber,0,test
CNT-MatrixSurface-0051.tif,MatrixSurface,3,test
CNT-MatrixSurface-0279.tif,MatrixSurface,3,test
CNT-Cluster-0392.tif,Cluster,1,test
CNT-Cluster-0218.tif,Cluster,1,test
CNT-Fiber-0300.tif,Fiber,0,test
CNT-Fiber-0238.tif,Fiber,0,test
CNT-MatrixSurface-0140.tif,MatrixSurface,3,test
CNT-Cluster-0234.tif,Cluster,1,test
CNT-Fiber-0402.tif,Fiber,0,test
CNT-Matrix-0119.tif,Matrix,2,test
CNT-MatrixSurface-0059.tif,MatrixSurface,3,test
CNT-Cluster-0107.tif,Cluster,1,test
CNT-MatrixSurface-0200.tif,MatrixSurface,3,test
CNT-Fiber-0292.tif,Fiber,0,test
CNT-Cluster-0103.tif,Cluster,1,test
CNT-Matrix-0403.tif,Matrix,2,test
CNT-MatrixSurface-0230.tif,MatrixSurface,3,test
CNT-Cluster-0261.tif,Cluster,1,test
CNT-Cluster-0115.tif,Cluster,1,test
CNT-Cluster-0047.tif,Cluster,1,test
CNT-Matrix-0363.tif,Matrix,2,test
CNT-MatrixSurface-0228.tif,MatrixSurface,3,test
CNT-Cluster-0753.tif,Cluster,1,test
CNT-MatrixSurface-0243.tif,MatrixSurface,3,test
CNT-Matrix-0287.tif,Matrix,2,test
CNT-MatrixSurface-0026.tif,MatrixSurface,3,test
CNT-Cluster-0741.tif,Cluster,1,test
CNT-Matrix-0117.tif,Matrix,2,test
CNT-MatrixSurface-0040.tif,MatrixSurface,3,test
CNT-Matrix-0276.tif,Matrix,2,test
CNT-Matrix-0189.tif,Matrix,2,test
CNT-Fiber-0378.tif,Fiber,0,test
CNT-Matrix-0240.tif,Matrix,2,test
CNT-Fiber-0281.tif,Fiber,0,test
CNT-Cluster-0078.tif,Cluster,1,test
CNT-MatrixSurface-0122.tif,MatrixSurface,3,test
CNT-Fiber-0182.tif,Fiber,0,test
CNT-Matrix-0080.tif,Matrix,2,test
CNT-Cluster-0296.tif,Cluster,1,test
CNT-Cluster-0729.tif,Cluster,1,test
CNT-MatrixSurface-0389.tif,MatrixSurface,3,test
CNT-Fiber-0288.tif,Fiber,0,test
CNT-Cluster-0388.tif,Cluster,1,test
CNT-Cluster-0055.tif,Cluster,1,test
CNT-Matrix-0132.tif,Matrix,2,test
CNT-MatrixSurface-0330.tif,MatrixSurface,3,test
CNT-Matrix-0405.tif,Matrix,2,test
CNT-Fiber-0176.tif,Fiber,0,test
CNT-MatrixSurface-0372.tif,MatrixSurface,3,test
CNT-Fiber-0212.tif,Fiber,0,test
CNT-MatrixSurface-0206.tif,MatrixSurface,3,test
CNT-Fiber-0023.tif,Fiber,0,test
CNT-Matrix-0045.tif,Matrix,2,test
CNT-Cluster-0122.tif,Cluster,1,test
CNT-Matrix-0259.tif,Matrix,2,test
CNT-MatrixSurface-0306.tif,MatrixSurface,3,test
CNT-Matrix-0407.tif,Matrix,2,test
CNT-MatrixSurface-0184.tif,MatrixSurface,3,test
CNT-Fiber-0119.tif,Fiber,0,test
CNT-Fiber-0445.tif,Fiber,0,test
CNT-Cluster-0010.tif,Cluster,1,test
CNT-Matrix-0096.tif,Matrix,2,test
CNT-Fiber-0336.tif,Fiber,0,test
CNT-MatrixSurface-0108.tif,MatrixSurface,3,test
CNT-Matrix-0035.tif,Matrix,2,test
CNT-Matrix-0160.tif,Matrix,2,test
CNT-MatrixSurface-0043.tif,MatrixSurface,3,test
CNT-Fiber-0380.tif,Fiber,0,test
CNT-Cluster-0085.tif,Cluster,1,test
CNT-Matrix-0440.tif,Matrix,2,test
CNT-Cluster-0138.tif,Cluster,1,test
CNT-Fiber-0067.tif,Fiber,0,test
CNT-MatrixSurface-0247.tif,MatrixSurface,3,test
CNT-Cluster-0305.tif,Cluster,1,test
CNT-MatrixSurface-0047.tif,MatrixSurface,3,test
CNT-Fiber-0057.tif,Fiber,0,test
CNT-Matrix-0390.tif,Matrix,2,test
CNT-Fiber-0338.tif,Fiber,0,test
CNT-Cluster-0139.tif,Cluster,1,test
CNT-MatrixSurface-0329.tif,MatrixSurface,3,test
CNT-Cluster-0410.tif,Cluster,1,test
CNT-MatrixSurface-0114.tif,MatrixSurface,3,test
CNT-Cluster-0219.tif,Cluster,1,test
CNT-Fiber-0263.tif,Fiber,0,test
CNT-Fiber-0323.tif,Fiber,0,test
CNT-Matrix-0400.tif,Matrix,2,test
CNT-Matrix-0233.tif,Matrix,2,test
CNT-Cluster-0265.tif,Cluster,1,test
CNT-Matrix-0450.tif,Matrix,2,test
CNT-Fiber-0014.tif,Fiber,0,test
CNT-Cluster-0238.tif,Cluster,1,test
CNT-Matrix-0285.tif,Matrix,2,test
CNT-MatrixSurface-0310.tif,MatrixSurface,3,test
CNT-Matrix-0428.tif,Matrix,2,test
CNT-Cluster-0074.tif,Cluster,1,test
CNT-Matrix-0294.tif,Matrix,2,test
CNT-Matrix-0006.tif,Matrix,2,test
CNT-Matrix-0338.tif,Matrix,2,test
CNT-MatrixSurface-0254.tif,MatrixSurface,3,test
CNT-Matrix-0230.tif,Matrix,2,test
CNT-MatrixSurface-0455.tif,MatrixSurface,3,test
CNT-Cluster-0306.tif,Cluster,1,test
CNT-Matrix-0378.tif,Matrix,2,test
CNT-Cluster-0326.tif,Cluster,1,test
CNT-MatrixSurface-0212.tif,MatrixSurface,3,test
CNT-Fiber-0343.tif,Fiber,0,test
CNT-Cluster-0267.tif,Cluster,1,test
CNT-Fiber-0374.tif,Fiber,0,test
CNT-Fiber-0062.tif,Fiber,0,test
CNT-Cluster-0316.tif,Cluster,1,test
CNT-Matrix-0143.tif,Matrix,2,test
CNT-Cluster-0012.tif,Cluster,1,test
CNT-MatrixSurface-0357.tif,MatrixSurface,3,test
CNT-Matrix-0208.tif,Matrix,2,test
CNT-MatrixSurface-1274.tif,MatrixSurface,3,test
CNT-Cluster-0199.tif,Cluster,1,test
CNT-MatrixSurface-0336.tif,MatrixSurface,3,test
CNT-MatrixSurface-0309.tif,MatrixSurface,3,test
CNT-Fiber-0360.tif,Fiber,0,test
CNT-MatrixSurface-0211.tif,MatrixSurface,3,test
CNT-Fiber-0369.tif,Fiber,0,test
CNT-MatrixSurface-0025.tif,MatrixSurface,3,test
CNT-Fiber-0231.tif,Fiber,0,test
CNT-Fiber-0111.tif,Fiber,0,test
CNT-MatrixSurface-0293.tif,MatrixSurface,3,test
CNT-Fiber-0100.tif,Fiber,0,test
CNT-Fiber-0358.tif,Fiber,0,test
CNT-Cluster-0052.tif,Cluster,1,test
CNT-MatrixSurface-0163.tif,MatrixSurface,3,test
CNT-MatrixSurface-0105.tif,MatrixSurface,3,test
CNT-Cluster-0284.tif,Cluster,1,test
CNT-Matrix-0181.tif,Matrix,2,test
CNT-Matrix-0323.tif,Matrix,2,test
CNT-Fiber-0333.tif,Fiber,0,test
CNT-Matrix-0001.tif,Matrix,2,test
CNT-Fiber-0415.tif,Fiber,0,test
CNT-Cluster-0193.tif,Cluster,1,test
CNT-Cluster-0202.tif,Cluster,1,test
CNT-Matrix-0244.tif,Matrix,2,test
CNT-Fiber-0167.tif,Fiber,0,test
CNT-MatrixSurface-0425.tif,MatrixSurface,3,test
CNT-MatrixSurface-0213.tif,MatrixSurface,3,test
CNT-Cluster-0381.tif,Cluster,1,test
CNT-Matrix-0013.tif,Matrix,2,test
CNT-MatrixSurface-0160.tif,MatrixSurface,3,test
CNT-Matrix-0458.tif,Matrix,2,test
CNT-Cluster-0004.tif,Cluster,1,test
CNT-Cluster-0051.tif,Cluster,1,test
CNT-Matrix-0222.tif,Matrix,2,test
CNT-Fiber-0349.tif,Fiber,0,test
CNT-Fiber-0225.tif,Fiber,0,test
CNT-Cluster-0412.tif,Cluster,1,test
CNT-MatrixSurface-0447.tif,MatrixSurface,3,test
CNT-MatrixSurface-0392.tif,MatrixSurface,3,test
CNT-Matrix-1707.tif,Matrix,2,test
CNT-Fiber-0424.tif,Fiber,0,test
CNT-MatrixSurface-0012.tif,MatrixSurface,3,test
CNT-Cluster-0262.tif,Cluster,1,test
CNT-Matrix-0101.tif,Matrix,2,test
CNT-Cluster-0026.tif,Cluster,1,test
CNT-Cluster-0446.tif,Cluster,1,test
CNT-MatrixSurface-0011.tif,MatrixSurface,3,test
CNT-Fiber-0453.tif,Fiber,0,test
CNT-Fiber-0271.tif,Fiber,0,test
CNT-Matrix-0075.tif,Matrix,2,test
CNT-Matrix-0027.tif,Matrix,2,test
CNT-Fiber-0059.tif,Fiber,0,test
CNT-Fiber-0211.tif,Fiber,0,test
CNT-Matrix-0444.tif,Matrix,2,test
CNT-Fiber-0118.tif,Fiber,0,test
CNT-Fiber-0396.tif,Fiber,0,test
CNT-MatrixSurface-0307.tif,MatrixSurface,3,test
CNT-MatrixSurface-0087.tif,MatrixSurface,3,test
CNT-Matrix-0118.tif,Matrix,2,test
